Date,Open,High,Low,Close,Adj Close,Volume
2018-01-02 00:00:00,25.976999,26.750000,25.757000,26.701000,21.449284,33135000
2018-01-03 00:00:00,26.729000,27.073000,26.603001,26.993000,21.683857,31161000
2018-01-04 00:00:00,27.159000,27.176001,26.843000,27.002001,21.691086,19067000
2018-01-05 00:00:00,27.197001,27.426001,26.945000,27.162001,21.819616,28633000
2018-01-08 00:00:00,27.091999,27.254999,26.906000,27.226999,21.871832,20971000
2018-01-09 00:00:00,27.306000,27.385000,26.819000,26.850000,21.568977,26027000
2018-01-10 00:00:00,26.598000,26.614000,26.073000,26.283001,21.113499,31607000
2018-01-11 00:00:00,26.357000,26.385000,26.155001,26.350000,21.167322,17726000
2018-01-12 00:00:00,26.339001,26.532000,26.201000,26.429001,21.230791,19881000
2018-01-16 00:00:00,26.518000,26.700001,26.166000,26.325001,21.147242,33528000
2018-01-17 00:00:00,26.548000,26.653000,26.046000,26.580999,21.352890,37365000
2018-01-18 00:00:00,26.546000,27.006001,26.448000,26.980000,21.673409,30319000
2018-01-19 00:00:00,26.915001,26.944000,26.607000,26.639000,21.399483,29963000
2018-01-22 00:00:00,26.565001,26.677000,26.062000,26.211000,21.055664,27230000
2018-01-23 00:00:00,26.174000,26.441000,25.811001,26.290001,21.119123,35398000
2018-01-24 00:00:00,26.097000,26.327000,25.600000,25.686001,20.633923,45405000
2018-01-25 00:00:00,25.774000,25.784000,24.700001,24.729000,19.865152,59520000
2018-01-26 00:00:00,24.941999,25.094999,24.524000,25.079000,20.146313,49014000
2018-01-29 00:00:00,24.827999,24.948999,24.349001,24.547001,19.718950,50401000
2018-01-30 00:00:00,24.125000,24.503000,23.701000,24.098000,19.358261,46002000
2018-01-31 00:00:00,25.000000,25.313999,24.486000,24.802999,19.924589,80482000
2018-02-01 00:00:00,24.172001,24.590000,23.809999,23.879000,19.182335,66851000
2018-02-02 00:00:00,23.677000,23.796000,23.409000,23.548000,18.916441,58352000
2018-02-05 00:00:00,23.468000,24.400000,22.760000,22.809999,18.323586,70776000
2018-02-06 00:00:00,22.562000,24.040001,22.490000,24.038000,19.310062,77744000
2018-02-07 00:00:00,23.875999,24.309999,23.700001,23.738001,19.069065,40475000
2018-02-08 00:00:00,23.739000,23.851999,22.951000,22.957001,18.441677,43200000
2018-02-09 00:00:00,23.278999,23.712000,22.625000,23.549999,18.918039,43282000
2018-02-12 00:00:00,23.785999,24.548000,23.750000,24.440001,19.632994,35063000
2018-02-13 00:00:00,24.101000,24.603001,24.006001,24.586000,19.750273,23719000
2018-02-14 00:00:00,24.500000,24.865000,24.348000,24.766001,19.894880,25491000
2018-02-15 00:00:00,24.927999,25.184000,24.443001,25.183001,20.229853,25540000
2018-02-16 00:00:00,25.127001,25.237000,24.804001,24.889000,19.993679,32639000
2018-02-20 00:00:00,24.875000,25.573999,24.752001,24.962000,20.052322,41693000
2018-02-21 00:00:00,25.249001,25.347000,24.844999,24.862000,19.971992,28156000
2018-02-22 00:00:00,24.912001,25.309999,24.827000,24.934999,20.030636,19342000
2018-02-23 00:00:00,25.214001,25.503000,25.028999,25.371000,20.380878,18280000
2018-02-26 00:00:00,25.195999,25.444000,25.100000,25.295000,20.319824,28878000
2018-02-27 00:00:00,25.209000,25.566999,25.167999,25.181000,20.228249,21176000
2018-02-28 00:00:00,25.408001,25.448999,24.598000,24.646000,19.798477,28834000
2018-03-01 00:00:00,24.586000,24.912001,24.131001,24.330999,19.545429,26044000
2018-03-02 00:00:00,24.042999,25.118000,24.023001,25.087000,20.152740,27402000
2018-03-05 00:00:00,24.990000,25.134001,24.341999,24.698000,19.840248,25900000
2018-03-06 00:00:00,24.931000,25.129999,24.732000,25.096001,20.159971,30030000
2018-03-07 00:00:00,24.868999,24.940001,24.433001,24.705000,19.845871,31549000
2018-03-08 00:00:00,24.826000,24.830000,24.591999,24.695000,19.837839,33554000
2018-03-09 00:00:00,24.858000,25.427999,24.763000,25.378000,20.386503,30782000
2018-03-12 00:00:00,26.065001,26.430000,25.962000,26.284000,21.114309,53881000
2018-03-13 00:00:00,26.643000,27.385000,26.023001,26.122000,20.984169,66855000
2018-03-14 00:00:00,26.200001,26.233999,25.514999,26.059000,20.933558,39619000
2018-03-15 00:00:00,26.372999,26.889999,26.350000,26.775999,21.509533,57990000
2018-03-16 00:00:00,26.299999,26.360001,25.441000,25.487000,20.474068,113955000
2018-03-19 00:00:00,25.309999,25.649000,24.277000,24.495001,19.677179,71267000
2018-03-20 00:00:00,24.510000,24.805000,24.128000,24.236000,19.469118,61918000
2018-03-21 00:00:00,24.058001,25.059000,24.006001,24.600000,20.051092,54912000
2018-03-22 00:00:00,24.202999,24.672001,24.150000,24.357000,19.853022,43078000
2018-03-23 00:00:00,24.337999,24.521999,24.041000,24.247999,19.764181,59070000
2018-03-26 00:00:00,24.767000,24.882999,24.051001,24.773001,20.192102,48713000
2018-03-27 00:00:00,24.808001,25.424999,24.160000,24.437000,19.918232,63917000
2018-03-28 00:00:00,24.408001,24.693001,23.559999,23.667999,19.291433,41744000
2018-03-29 00:00:00,23.809000,24.084000,23.476000,23.565001,19.207478,46874000
2018-04-02 00:00:00,23.395000,23.612000,22.544001,22.768000,18.557852,53088000
2018-04-03 00:00:00,23.086000,23.698000,22.721001,23.677999,19.299578,45569000
2018-04-04 00:00:00,23.004999,23.792000,22.950001,23.698999,19.316696,37720000
2018-04-05 00:00:00,24.076000,24.167999,23.500000,23.631001,19.261272,35798000
2018-04-06 00:00:00,23.372999,23.653999,22.775999,22.886999,18.654850,30248000
2018-04-09 00:00:00,22.997999,23.966000,22.926001,23.474001,19.133301,37494000
2018-04-10 00:00:00,23.955999,24.156000,23.766001,23.975000,19.541664,33244000
2018-04-11 00:00:00,23.812000,24.072001,23.708000,24.032000,19.588120,19922000
2018-04-12 00:00:00,24.143000,24.264000,23.709999,23.943001,19.515581,41036000
2018-04-13 00:00:00,25.000000,25.200001,24.490000,24.694000,20.127703,48312000
2018-04-16 00:00:00,24.909000,24.989000,24.568001,24.937000,20.325775,25172000
2018-04-17 00:00:00,25.089001,25.285000,24.964001,25.174000,20.518951,25084000
2018-04-18 00:00:00,25.100000,25.167000,24.746000,24.959000,20.343702,20511000
2018-04-19 00:00:00,24.354000,24.628000,24.066000,24.285999,19.795156,50141000
2018-04-20 00:00:00,24.122000,24.160000,23.500999,23.712000,19.327295,41530000
2018-04-23 00:00:00,23.799000,23.832001,23.212000,23.344999,19.028154,31337000
2018-04-24 00:00:00,23.573999,23.612000,22.669001,22.839001,18.615730,44889000
2018-04-25 00:00:00,22.900000,23.110001,22.586000,22.900000,18.665445,34023000
2018-04-26 00:00:00,23.100000,23.188000,22.830000,23.042000,18.781187,32751000
2018-04-27 00:00:00,23.357000,23.420000,23.070000,23.278000,18.973543,27211000
2018-04-30 00:00:00,23.257999,23.412001,22.832001,22.941999,18.699680,39682000
2018-05-01 00:00:00,23.084999,23.084999,22.636000,23.038000,18.777925,44947000
2018-05-02 00:00:00,23.330000,23.344000,22.680000,22.874001,18.644251,52950000
2018-05-03 00:00:00,22.649000,22.788000,22.268000,22.525000,18.359787,58011000
2018-05-04 00:00:00,22.365000,23.209000,22.198000,23.052000,18.789341,51303000
2018-05-07 00:00:00,23.129999,23.690001,23.100000,23.597000,19.233559,36953000
2018-05-08 00:00:00,23.573999,23.896000,23.482000,23.885000,19.468304,40149000
2018-05-09 00:00:00,23.580000,23.913000,23.405001,23.805000,19.403095,35031000
2018-05-10 00:00:00,23.973000,24.372999,23.861000,24.351000,19.848131,25747000
2018-05-11 00:00:00,24.308001,24.450001,24.160000,24.337999,19.837534,24052000
2018-05-14 00:00:00,24.628000,24.841999,24.379999,24.476000,19.950020,27580000
2018-05-15 00:00:00,24.231001,24.444000,23.850000,24.158001,19.690819,24984000
2018-05-16 00:00:00,24.214001,24.221001,23.899000,24.051001,19.603609,29330000
2018-05-17 00:00:00,23.812000,24.166000,23.799999,23.945000,19.517208,22825000
2018-05-18 00:00:00,23.986000,24.062000,23.587999,23.599001,19.235188,25262000
2018-05-21 00:00:00,23.945999,24.049999,23.667000,23.905001,19.484606,25720000
2018-05-22 00:00:00,24.024000,24.136999,23.757999,23.849001,19.438963,19218000
2018-05-23 00:00:00,23.622999,24.063000,23.603001,24.056000,19.607679,23454000
2018-05-24 00:00:00,24.086000,24.436001,24.000000,24.353001,19.849766,22799000
2018-05-25 00:00:00,24.403999,25.068001,24.403999,25.003000,20.379568,32214000
2018-05-29 00:00:00,24.864000,25.111000,24.847000,24.969000,20.351856,28281000
2018-05-30 00:00:00,25.118000,25.202999,24.933001,24.940001,20.328218,26844000
2018-05-31 00:00:00,24.926001,25.528999,24.900000,25.207001,20.545845,34698000
2018-06-01 00:00:00,25.437000,25.770000,25.254000,25.634001,20.893885,26360000
2018-06-04 00:00:00,25.799999,25.936001,25.622999,25.837000,21.059345,25886000
2018-06-05 00:00:00,25.945999,26.135000,25.804001,25.926001,21.131893,42374000
2018-06-06 00:00:00,26.073999,26.378000,25.971001,26.351999,21.479118,37465000
2018-06-07 00:00:00,26.299999,26.648001,26.292000,26.468000,21.573666,46077000
2018-06-08 00:00:00,25.674000,25.993000,25.374001,25.797001,21.026747,73694000
2018-06-11 00:00:00,25.785999,26.180000,25.632000,26.083000,21.259859,31859000
2018-06-12 00:00:00,26.033001,26.173000,25.840000,26.143000,21.308760,27594000
2018-06-13 00:00:00,26.176001,26.607000,26.070999,26.358000,21.484005,34868000
2018-06-14 00:00:00,26.500000,26.907000,26.410000,26.846001,21.881769,37042000
2018-06-15 00:00:00,27.004000,27.181000,26.632999,27.023001,22.026037,60969000
2018-06-18 00:00:00,26.900000,26.900000,26.423000,26.450001,21.558996,30191000
2018-06-19 00:00:00,25.600000,26.113001,25.415001,26.094999,21.554867,36221000
2018-06-20 00:00:00,26.150000,26.402000,26.073999,26.122000,21.577169,24951000
2018-06-21 00:00:00,26.158001,26.257000,25.844000,25.965000,21.447483,18186000
2018-06-22 00:00:00,26.118000,26.150000,25.896000,25.971001,21.452438,52412000
2018-06-25 00:00:00,25.642000,25.642000,25.042999,25.242001,20.850277,29705000
2018-06-26 00:00:00,25.299999,25.461000,25.055000,25.153999,20.777588,24233000
2018-06-27 00:00:00,25.209000,25.516001,24.684999,24.711000,20.411661,24720000
2018-06-28 00:00:00,24.628000,24.732000,24.226999,24.490000,20.229111,33238000
2018-06-29 00:00:00,24.695000,24.695000,24.257000,24.264000,20.042433,42794000
2018-07-02 00:00:00,24.009001,24.222000,23.742001,24.205000,19.993698,33369000
2018-07-03 00:00:00,24.336000,24.339001,23.900000,23.929001,19.765717,11591000
2018-07-05 00:00:00,24.179001,24.561001,24.068001,24.540001,20.270412,25299000
2018-07-06 00:00:00,24.490000,24.860001,24.441999,24.768000,20.458744,23112000
2018-07-09 00:00:00,24.900000,24.923000,24.552999,24.743000,20.438091,17955000
2018-07-10 00:00:00,24.834000,25.180000,24.705000,25.056000,20.696636,16413000
2018-07-11 00:00:00,24.495001,24.754000,24.261000,24.344000,20.108513,35761000
2018-07-12 00:00:00,20.708000,21.028000,19.746000,20.997999,17.344666,435083000
2018-07-13 00:00:00,21.250000,21.400000,20.190001,20.246000,16.723503,161678000
2018-07-16 00:00:00,20.160000,20.638000,20.052999,20.325001,16.788761,102277000
2018-07-17 00:00:00,20.221001,20.909000,20.201000,20.830999,17.206720,110827000
2018-07-18 00:00:00,20.722000,20.988001,20.663000,20.878000,17.245546,80834000
2018-07-19 00:00:00,20.829000,21.148001,20.804001,21.037001,17.376879,63247000
2018-07-20 00:00:00,21.010000,21.121000,20.875999,21.033001,17.373575,62893000
2018-07-23 00:00:00,21.041000,21.864000,21.040001,21.672001,17.901403,82211000
2018-07-24 00:00:00,21.780001,22.039000,21.600000,21.733999,17.952612,81158000
2018-07-25 00:00:00,21.771000,22.865000,21.771000,22.597000,18.665464,92271000
2018-07-26 00:00:00,22.650000,22.976999,22.157000,22.318001,18.435011,85069000
2018-07-27 00:00:00,22.400999,22.929001,22.007000,22.105000,18.259071,79443000
2018-07-30 00:00:00,22.111000,22.802000,22.105000,22.518999,18.601038,75275000
2018-07-31 00:00:00,22.667999,22.884001,22.153999,22.177000,18.318542,63860000
2018-08-01 00:00:00,22.326000,22.393999,21.620001,21.680000,17.908012,42669000
2018-08-02 00:00:00,21.427000,21.826000,21.325001,21.635000,17.870838,40312000
2018-08-03 00:00:00,21.575001,21.799999,21.440001,21.781000,17.991436,24832000
2018-08-06 00:00:00,21.663000,21.830999,21.586000,21.695000,17.920395,22638000
2018-08-07 00:00:00,21.922001,22.184000,21.714001,22.031000,18.197939,29798000
2018-08-08 00:00:00,22.054001,22.122999,21.895000,21.945999,18.127728,15801000
2018-08-09 00:00:00,22.014999,22.025000,21.594000,21.658001,17.889837,27563000
2018-08-10 00:00:00,21.281000,21.448000,21.046000,21.223000,17.530519,37017000
2018-08-13 00:00:00,21.165001,21.398001,21.045000,21.108000,17.435530,29842000
2018-08-14 00:00:00,21.158001,21.158001,20.684000,20.730000,17.123297,36327000
2018-08-15 00:00:00,20.513000,20.757999,20.277000,20.658001,17.063816,41132000
2018-08-16 00:00:00,20.777000,20.886000,20.669001,20.868999,17.238110,29239000
2018-08-17 00:00:00,20.797001,21.118999,20.551001,20.927000,17.286020,39093000
2018-08-20 00:00:00,20.948000,21.000000,20.586000,20.672001,17.075386,54489000
2018-08-21 00:00:00,20.752001,21.143999,20.711000,21.051001,17.388451,29952000
2018-08-22 00:00:00,21.045000,21.171000,20.743000,20.754000,17.143118,26890000
2018-08-23 00:00:00,20.773001,20.908001,20.528000,20.559000,16.982050,35578000
2018-08-24 00:00:00,20.635000,20.927000,20.468000,20.900000,17.263720,20541000
2018-08-27 00:00:00,21.025000,21.437000,20.863001,21.297001,17.591650,28213000
2018-08-28 00:00:00,21.462999,21.596001,21.257000,21.443001,17.712242,24340000
2018-08-29 00:00:00,21.481001,21.580000,21.344999,21.499001,17.758503,18125000
2018-08-30 00:00:00,21.497000,21.694000,21.461000,21.665001,17.895624,26529000
2018-08-31 00:00:00,21.603001,21.931999,21.584999,21.903000,18.092211,27623000
2018-09-04 00:00:00,21.858999,22.028999,21.712999,21.943001,18.125252,36663000
2018-09-05 00:00:00,21.995001,22.180000,21.958000,22.142000,18.289627,37194000
2018-09-06 00:00:00,22.150000,22.282000,21.392000,21.597000,17.839453,62509000
2018-09-07 00:00:00,22.420000,23.541000,22.400000,23.257999,19.211462,104703000
2018-09-10 00:00:00,23.466000,24.094999,23.205000,24.061001,19.874752,60880000
2018-09-11 00:00:00,23.770000,23.969999,23.040001,23.254999,19.208982,60755000
2018-09-12 00:00:00,22.809999,23.084999,22.283001,22.989000,18.989264,53077000
2018-09-13 00:00:00,23.368999,23.922001,23.112000,23.542000,19.446051,43757000
2018-09-14 00:00:00,23.516001,23.709000,23.368999,23.634001,19.522043,28095000
2018-09-17 00:00:00,24.000000,24.030001,23.431000,23.483000,19.397316,36739000
2018-09-18 00:00:00,23.500000,24.139999,23.487000,23.973000,19.950743,50511000
2018-09-19 00:00:00,24.047001,24.249001,23.976999,24.179001,20.122175,31160000
2018-09-20 00:00:00,24.299000,24.604000,24.172001,24.493000,20.383490,39986000
2018-09-21 00:00:00,24.632999,24.877001,24.518000,24.809999,20.647305,135321000
2018-09-24 00:00:00,24.805000,25.010000,24.731001,24.945000,20.759653,45326000
2018-09-25 00:00:00,24.898001,24.934999,24.580000,24.764999,20.609854,47037000
2018-09-26 00:00:00,24.563999,24.805000,24.480000,24.542999,20.425106,33428000
2018-09-27 00:00:00,24.569000,24.788000,24.490999,24.645000,20.509991,29572000
2018-09-28 00:00:00,24.554001,24.697001,24.385000,24.673000,20.533297,26739000
2018-10-01 00:00:00,24.788000,25.214001,24.767000,24.951000,20.764647,27709000
2018-10-02 00:00:00,24.914000,25.171000,24.792000,24.809999,20.647305,24888000
2018-10-03 00:00:00,24.881001,25.132999,24.704000,24.941999,20.757156,19607000
2018-10-04 00:00:00,24.666000,24.973000,24.620001,24.816999,20.653128,25660000
2018-10-05 00:00:00,24.839001,25.004999,24.240000,24.423000,20.325235,33860000
2018-10-08 00:00:00,24.330999,24.542000,24.038000,24.136999,20.087223,33397000
2018-10-09 00:00:00,24.059000,24.573000,24.037001,24.469999,20.364351,24675000
2018-10-10 00:00:00,24.292999,24.507000,23.164000,23.183001,19.293289,56327000
2018-10-11 00:00:00,23.197001,23.559999,22.719000,22.889999,19.049446,37424000
2018-10-12 00:00:00,23.476000,23.566999,22.910999,23.295000,19.386494,32589000
2018-10-15 00:00:00,23.103001,23.533001,23.004000,23.247000,19.346548,30099000
2018-10-16 00:00:00,23.600000,23.875999,23.417999,23.832001,19.833397,30355000
2018-10-17 00:00:00,23.974001,23.974001,23.392000,23.716999,19.737692,20262000
2018-10-18 00:00:00,23.542999,23.681999,22.653000,22.802000,18.976212,37442000
2018-10-19 00:00:00,23.000000,23.108999,22.693001,22.827999,18.997850,32231000
2018-10-22 00:00:00,23.056000,23.243000,22.804001,22.862000,19.026148,25619000
2018-10-23 00:00:00,22.281000,22.954000,21.882000,22.905001,19.061932,35990000
2018-10-24 00:00:00,22.639999,22.641001,21.784000,21.871000,18.201412,37810000
2018-10-25 00:00:00,21.988001,22.339001,21.915001,22.224001,18.495192,35193000
2018-10-26 00:00:00,21.556999,21.733999,20.920000,21.315001,17.738705,53324000
2018-10-29 00:00:00,21.618999,21.868999,20.823000,21.150000,17.601391,28636000
2018-10-30 00:00:00,21.378000,22.156000,21.100000,22.101000,18.392824,29697000
2018-10-31 00:00:00,22.500000,22.566999,22.171000,22.349001,18.599216,28146000
2018-11-01 00:00:00,22.516001,23.423000,22.372000,22.988001,19.131006,36830000
2018-11-02 00:00:00,22.533001,22.597000,21.775000,22.077000,18.372856,40241000
2018-11-05 00:00:00,21.902000,22.110001,21.371000,22.009001,18.316263,27609000
2018-11-06 00:00:00,22.030001,22.916000,21.972000,22.825001,18.995352,29464000
2018-11-07 00:00:00,23.198999,23.528999,22.921000,23.440001,19.507166,29004000
2018-11-08 00:00:00,23.271000,24.261999,23.271000,24.025000,19.994015,29796000
2018-11-09 00:00:00,23.500000,23.902000,23.254000,23.899000,19.889156,33611000
2018-11-12 00:00:00,23.100000,23.187000,22.028000,22.363001,18.610867,50306000
2018-11-13 00:00:00,22.549000,22.982000,22.232000,22.483000,18.710737,26697000
2018-11-14 00:00:00,22.676001,23.052999,22.562000,22.620001,18.824751,25411000
2018-11-15 00:00:00,22.622000,23.931000,22.586000,23.634001,19.668621,36694000
2018-11-16 00:00:00,23.382000,23.920000,23.165001,23.761000,19.774309,36005000
2018-11-19 00:00:00,23.653000,24.108000,22.854000,22.913000,19.068588,35326000
2018-11-20 00:00:00,22.393999,22.908001,22.257999,22.771000,18.950411,32123000
2018-11-21 00:00:00,23.021999,23.330999,22.750999,23.000000,19.140991,19926000
2018-11-23 00:00:00,22.757999,23.268999,22.757999,22.990000,19.132671,8066000
2018-11-26 00:00:00,23.422001,23.815001,23.155001,23.531000,19.582899,28714000
2018-11-27 00:00:00,23.358000,23.837000,23.242001,23.583000,19.626169,30406000
2018-11-28 00:00:00,23.650000,23.799999,23.162001,23.521999,19.575409,31080000
2018-11-29 00:00:00,23.427000,23.863001,23.275999,23.577999,19.622013,17920000
2018-11-30 00:00:00,23.540001,23.827999,23.339001,23.740999,19.757664,40083000
2018-12-03 00:00:00,24.520000,24.704000,24.146999,24.207001,20.145481,35241000
2018-12-04 00:00:00,24.049000,24.113001,23.158001,23.204000,19.310762,36455000
2018-12-06 00:00:00,22.624001,22.725000,21.761000,22.724001,18.911301,57859000
2018-12-07 00:00:00,23.405001,23.827999,22.450001,22.856001,19.021154,78396000
2018-12-10 00:00:00,22.795000,24.032000,22.650999,23.924999,19.910793,43344000
2018-12-11 00:00:00,24.346001,25.034000,24.341999,24.684000,20.542444,57730000
2018-12-12 00:00:00,25.243999,26.018999,25.200001,25.497999,21.219872,68703000
2018-12-13 00:00:00,25.846001,26.150000,25.458000,25.830000,21.496166,54355000
2018-12-14 00:00:00,25.535999,26.159000,25.462999,25.483000,21.207388,42727000
2018-12-17 00:00:00,25.399000,26.132000,25.308001,25.413000,21.149136,56238000
2018-12-18 00:00:00,25.507999,25.559000,24.881001,24.966999,20.996910,51849000
2018-12-19 00:00:00,24.900000,25.593000,24.252001,24.389000,20.510822,59728000
2018-12-20 00:00:00,24.440001,24.850000,23.844999,24.188999,20.342623,75365000
2018-12-21 00:00:00,24.188999,25.174000,24.188999,24.490999,20.596601,102138000
2018-12-24 00:00:00,24.200001,24.370001,23.351000,23.379999,19.662260,28494000
2018-12-26 00:00:00,23.778000,24.850000,23.350000,24.813999,20.868240,36741000
2018-12-27 00:00:00,24.500000,25.122999,24.214001,25.084999,21.096151,37507000
2018-12-28 00:00:00,25.299999,25.806000,25.115999,25.358999,21.326582,28702000
2018-12-31 00:00:00,25.783001,25.850000,25.094999,25.427999,21.384609,26590000
2019-01-02 00:00:00,24.885000,25.469999,24.649000,25.351000,21.319851,30346000
2019-01-03 00:00:00,24.455999,24.653999,23.033001,23.096001,19.423431,68580000
2019-01-04 00:00:00,23.429001,23.645000,23.167000,23.323000,19.614330,54248000
2019-01-07 00:00:00,23.365000,24.024000,23.076000,23.798000,20.013800,53433000
2019-01-08 00:00:00,24.011000,24.190001,23.337000,23.607000,19.853174,36795000
2019-01-09 00:00:00,23.841999,24.667999,23.785000,24.628000,20.711817,52971000
2019-01-10 00:00:00,24.556999,25.056999,24.436001,24.952000,20.984295,29594000
2019-01-11 00:00:00,24.943001,25.292000,24.931999,25.056999,21.072599,20158000
2019-01-14 00:00:00,24.811001,25.158001,24.590000,25.087000,21.097828,25498000
2019-01-15 00:00:00,25.275999,26.222000,25.201000,25.649000,21.570465,39247000
2019-01-16 00:00:00,25.719999,25.735001,25.136000,25.170000,21.167633,24484000
2019-01-17 00:00:00,25.006001,25.735001,24.872000,25.533001,21.472912,35154000
2019-01-18 00:00:00,25.913000,26.194000,25.700001,26.082001,21.934616,34634000
2019-01-22 00:00:00,25.799999,25.945999,25.490000,25.829000,21.721840,37156000
2019-01-23 00:00:00,25.954000,26.091000,25.365000,25.752001,21.657087,31771000
2019-01-24 00:00:00,26.108999,26.674999,26.000000,26.355000,22.164200,35999000
2019-01-25 00:00:00,26.517000,26.830999,26.091000,26.794001,22.533392,30333000
2019-01-28 00:00:00,26.156000,26.885000,25.865000,26.761999,22.506481,31320000
2019-01-29 00:00:00,26.735001,26.760000,26.382999,26.632000,22.397156,27870000
2019-01-30 00:00:00,27.000000,27.375000,26.737000,27.082001,22.775602,28727000
2019-01-31 00:00:00,27.056000,27.100000,26.635000,26.825001,22.559464,21063000
2019-02-01 00:00:00,26.915001,26.959999,26.489000,26.681000,22.438360,22878000
2019-02-04 00:00:00,26.750000,27.214001,26.495001,27.212000,22.884926,20761000
2019-02-05 00:00:00,27.195999,27.462999,26.990999,27.000000,22.706636,22619000
2019-02-06 00:00:00,27.327000,28.000000,27.275000,27.621000,23.228891,27064000
2019-02-07 00:00:00,27.285999,27.457001,26.629999,26.909000,22.630114,28646000
2019-02-08 00:00:00,26.733000,27.429001,26.705999,27.406000,23.048073,23903000
2019-02-11 00:00:00,27.440001,27.600000,27.327999,27.572001,23.187683,18012000
2019-02-12 00:00:00,27.865000,28.039000,27.705999,27.938999,23.496323,19809000
2019-02-13 00:00:00,28.000000,28.216000,27.797001,28.132000,23.658636,19190000
2019-02-14 00:00:00,28.059999,28.284000,27.895000,28.150000,23.673777,16015000
2019-02-15 00:00:00,28.409000,28.409000,27.879000,28.193001,23.709934,17352000
2019-02-19 00:00:00,28.115000,28.283001,28.014999,28.166000,23.687229,15152000
2019-02-20 00:00:00,28.325001,28.663000,28.228001,28.341999,23.835239,16150000
2019-02-21 00:00:00,28.323999,28.334999,27.893000,28.094000,23.626680,13254000
2019-02-22 00:00:00,27.995001,28.000000,27.466000,27.650000,23.253279,27225000
2019-02-25 00:00:00,28.077999,28.083000,27.848000,27.860001,23.429886,19245000
2019-02-26 00:00:00,27.792999,27.801001,27.445000,27.500000,23.127131,27211000
2019-02-27 00:00:00,27.322001,27.510000,26.958000,27.149000,22.831944,29146000
2019-02-28 00:00:00,26.997000,27.570999,26.863001,27.535999,23.157406,31460000
2019-03-01 00:00:00,27.773001,27.816000,27.113001,27.275000,22.937908,19035000
2019-03-04 00:00:00,27.500000,27.658001,27.086000,27.489000,23.117880,17382000
2019-03-05 00:00:00,27.549999,28.044001,27.452999,27.701000,23.296173,21699000
2019-03-06 00:00:00,27.666000,27.693001,27.048000,27.135000,22.820168,19973000
2019-03-07 00:00:00,27.018000,27.033001,26.408001,26.551001,22.329041,25411000
2019-03-08 00:00:00,26.156000,26.476000,25.920000,26.419001,22.218023,22167000
2019-03-11 00:00:00,26.489000,27.055000,26.405001,26.906000,22.627583,27161000
2019-03-12 00:00:00,26.976000,27.003000,26.427000,26.962999,22.675524,23324000
2019-03-13 00:00:00,27.051001,27.308001,26.902000,27.121000,22.808393,32089000
2019-03-14 00:00:00,27.209000,27.226000,26.789000,26.820000,22.555262,43094000
2019-03-15 00:00:00,28.646000,29.955000,28.350000,29.028999,24.413000,144066000
2019-03-18 00:00:00,29.023001,29.698000,29.021000,29.384001,24.711552,56746000
2019-03-19 00:00:00,29.416000,30.098000,29.410999,29.931000,25.171568,51556000
2019-03-20 00:00:00,29.799999,29.900000,29.028999,29.103001,24.693863,41263000
2019-03-21 00:00:00,29.188000,29.937000,29.100000,29.680000,25.183447,27379000
2019-03-22 00:00:00,29.591999,29.643999,29.139999,29.264999,24.831318,23307000
2019-03-25 00:00:00,29.219999,29.417999,28.900000,29.216000,24.789747,23878000
2019-03-26 00:00:00,29.437000,29.947001,29.423000,29.702999,25.202963,28009000
2019-03-27 00:00:00,29.757000,29.868000,29.246000,29.597000,25.113022,21862000
2019-03-28 00:00:00,29.711000,30.330000,29.566999,29.907000,25.376059,33030000
2019-03-29 00:00:00,30.122000,30.267000,29.827999,30.070999,25.515209,24493000
2019-04-01 00:00:00,30.311001,30.674999,29.975000,30.579000,25.946247,27040000
2019-04-02 00:00:00,30.615999,30.735001,30.261000,30.305000,25.713760,22857000
2019-04-03 00:00:00,30.622000,30.740000,30.181999,30.420000,25.811342,22266000
2019-04-04 00:00:00,30.475000,30.600000,30.167000,30.200001,25.624668,15228000
2019-04-05 00:00:00,30.400000,30.444000,30.180000,30.427999,25.818125,18875000
2019-04-08 00:00:00,30.414000,30.530001,30.200001,30.448000,25.835098,13899000
2019-04-09 00:00:00,30.257999,30.410999,30.028999,30.344999,25.747702,11621000
2019-04-10 00:00:00,30.360001,30.777000,30.299999,30.750999,26.092192,14992000
2019-04-11 00:00:00,30.815001,31.018999,30.622999,30.941000,26.253401,16669000
2019-04-12 00:00:00,31.135000,31.743999,31.056999,31.702999,26.899963,30087000
2019-04-15 00:00:00,31.702999,31.752001,31.316999,31.639999,26.846512,16216000
2019-04-16 00:00:00,32.000000,32.000999,31.610001,31.850000,27.024693,21116000
2019-04-17 00:00:00,32.023998,32.094002,31.784000,32.053001,27.196936,18138000
2019-04-18 00:00:00,32.104000,32.244999,31.816000,31.862000,27.034876,26548000
2019-04-22 00:00:00,31.732000,31.789000,31.420000,31.500000,26.727715,13504000
2019-04-23 00:00:00,31.676001,31.809000,31.419001,31.563999,26.782021,19777000
2019-04-24 00:00:00,31.458000,31.701000,31.319000,31.433001,26.670866,23335000
2019-04-25 00:00:00,31.295000,31.295000,30.657000,31.181999,26.457891,26732000
2019-04-26 00:00:00,30.915001,31.094999,30.511000,31.041000,26.338257,16404000
2019-04-29 00:00:00,31.124001,31.466999,31.044001,31.271999,26.534254,13404000
2019-04-30 00:00:00,31.332001,31.841999,31.253000,31.840000,27.016209,18953000
2019-05-01 00:00:00,32.049999,32.320000,31.868999,31.889999,27.058628,18158000
2019-05-02 00:00:00,31.997999,32.219002,31.423000,31.582001,26.797295,20428000
2019-05-03 00:00:00,31.495001,31.665001,31.069000,31.570999,26.787958,19214000
2019-05-06 00:00:00,30.679001,31.193001,30.535000,31.157000,26.436682,14371000
2019-05-07 00:00:00,30.865000,30.962000,30.372999,30.729000,26.073521,21734000
2019-05-08 00:00:00,30.530001,30.766001,30.311001,30.339001,25.742605,15099000
2019-05-09 00:00:00,30.000000,30.584999,29.684999,30.406000,25.799459,22282000
2019-05-10 00:00:00,30.323000,30.540001,29.666000,30.396000,25.790974,21025000
2019-05-13 00:00:00,29.382000,29.568001,28.820000,29.337999,24.893259,37864000
2019-05-14 00:00:00,29.569000,30.459999,29.548000,30.200001,25.624668,34277000
2019-05-15 00:00:00,30.027000,30.777000,29.861000,30.437000,25.825764,18166000
2019-05-16 00:00:00,29.975000,30.309999,29.469999,29.729000,25.225025,34233000
2019-05-17 00:00:00,29.278000,29.357000,28.841000,28.989000,24.597136,39094000
2019-05-20 00:00:00,27.799999,27.995001,26.864000,27.259001,23.129234,65162000
2019-05-21 00:00:00,27.709000,27.978001,27.465000,27.533001,23.361719,25060000
2019-05-22 00:00:00,27.048000,27.506001,26.896999,26.922001,22.843288,31809000
2019-05-23 00:00:00,26.458000,26.549000,25.816999,26.009001,22.068609,46607000
2019-05-24 00:00:00,26.270000,26.573999,25.573999,25.594000,21.716482,27963000
2019-05-28 00:00:00,25.657000,25.773001,25.009001,25.448000,21.592598,61965000
2019-05-29 00:00:00,25.274000,25.636999,25.158001,25.412001,21.562056,28132000
2019-05-30 00:00:00,25.466000,25.733999,25.412001,25.662001,21.774178,17310000
2019-05-31 00:00:00,25.304001,25.573999,25.100000,25.164000,21.351629,22192000
2019-06-03 00:00:00,25.254999,25.833000,25.120001,25.318001,21.482298,28911000
2019-06-04 00:00:00,25.695999,26.600000,25.576000,26.570000,22.544613,36805000
2019-06-05 00:00:00,26.900999,27.150999,26.240000,26.572001,22.546316,23651000
2019-06-06 00:00:00,26.702000,27.500000,26.528000,27.278999,23.146196,32687000
2019-06-07 00:00:00,27.478001,27.787001,27.327999,27.487000,23.322691,25963000
2019-06-10 00:00:00,27.673000,28.476999,27.672001,28.021000,23.775784,23280000
2019-06-11 00:00:00,29.049000,29.174999,27.941000,28.348000,24.053246,37105000
2019-06-12 00:00:00,28.167000,28.316000,27.740999,27.973000,23.735060,27057000
2019-06-13 00:00:00,28.152000,28.289000,27.740999,28.160999,23.894577,37735000
2019-06-14 00:00:00,25.811001,26.809000,25.747000,26.593000,22.564131,100797000
2019-06-17 00:00:00,26.483999,26.870001,26.134001,26.597000,22.567528,35785000
2019-06-18 00:00:00,26.815001,28.302000,26.646000,27.805000,23.592512,54920000
2019-06-19 00:00:00,27.878000,27.907000,27.371000,27.749001,23.544996,28920000
2019-06-20 00:00:00,28.250999,28.545000,27.716000,27.905001,23.677364,57291000
2019-06-21 00:00:00,27.660999,28.100000,27.396000,27.399000,23.470915,45399000
2019-06-24 00:00:00,27.552000,27.945000,27.500000,27.920000,23.917217,20506000
2019-06-25 00:00:00,27.916000,28.288000,27.601999,27.650999,23.686785,24436000
2019-06-26 00:00:00,27.858000,28.403000,27.809999,28.143999,24.109104,24774000
2019-06-27 00:00:00,28.292999,28.844999,28.223000,28.570999,24.474886,21813000
2019-06-28 00:00:00,28.785999,28.930000,28.482000,28.785999,24.659065,49265000
2019-07-01 00:00:00,30.167999,30.575001,29.632999,30.035000,25.728998,44832000
2019-07-02 00:00:00,29.888000,30.066999,29.389999,29.533001,25.298969,19011000
2019-07-03 00:00:00,28.370001,28.878000,28.302000,28.489000,24.404646,49411000
2019-07-05 00:00:00,28.365000,28.544001,28.197001,28.266001,24.213614,24565000
2019-07-08 00:00:00,28.000000,28.118999,27.438999,27.496000,23.554007,34291000
2019-07-09 00:00:00,27.344999,27.598000,27.240999,27.552999,23.602835,26131000
2019-07-10 00:00:00,27.785999,27.879999,27.400000,27.450001,23.514605,30134000
2019-07-11 00:00:00,27.524000,27.745001,27.295000,27.606001,23.648235,20712000
2019-07-12 00:00:00,27.638000,28.593000,27.638000,28.539000,24.447477,21971000
2019-07-15 00:00:00,29.110001,29.448999,28.726999,28.834000,24.700186,30334000
2019-07-16 00:00:00,28.698999,28.778999,28.239000,28.413000,24.339540,14617000
2019-07-17 00:00:00,28.556000,28.729000,28.319000,28.507999,24.420918,15453000
2019-07-18 00:00:00,28.618000,29.030001,28.379999,28.978001,24.823532,19357000
2019-07-19 00:00:00,29.183001,29.316000,28.952999,29.000000,24.842388,22047000
2019-07-22 00:00:00,29.299999,29.999001,29.224001,29.615000,25.369215,33905000
2019-07-23 00:00:00,29.950001,30.236000,29.921000,30.077999,25.765833,19692000
2019-07-24 00:00:00,30.120001,30.488001,30.049999,30.377001,26.021969,19006000
2019-07-25 00:00:00,30.212999,30.212999,29.940001,30.039000,25.732422,15741000
2019-07-26 00:00:00,30.159000,30.302000,30.052999,30.091999,25.777828,14996000
2019-07-29 00:00:00,30.122999,30.254999,29.695999,30.174000,25.848068,12068000
2019-07-30 00:00:00,29.909000,30.093000,29.709999,29.955999,25.661325,11164000
2019-07-31 00:00:00,30.003000,30.083000,28.667000,28.999001,24.841526,20819000
2019-08-01 00:00:00,28.913000,29.782000,28.232000,28.534000,24.443195,21911000
2019-08-02 00:00:00,28.207001,28.384001,27.591000,27.853001,23.859825,20080000
2019-08-05 00:00:00,27.195000,27.224001,26.408001,26.766001,22.928667,27765000
2019-08-06 00:00:00,27.013000,27.218000,26.455999,26.643999,22.824156,22199000
2019-08-07 00:00:00,26.403000,27.271999,26.299999,27.004999,23.133400,22244000
2019-08-08 00:00:00,27.038000,27.256001,26.250000,27.098000,23.213068,29163000
2019-08-09 00:00:00,26.958000,28.055000,26.958000,27.573000,23.619965,30735000
2019-08-12 00:00:00,27.337999,27.820999,27.254000,27.563999,23.612257,20040000
2019-08-13 00:00:00,27.530001,28.549999,27.202999,28.370001,24.302710,22340000
2019-08-14 00:00:00,27.879000,28.014999,27.038000,27.156000,23.262756,27108000
2019-08-15 00:00:00,27.200001,27.278000,26.485001,26.864000,23.012615,20010000
2019-08-16 00:00:00,27.215000,27.575001,27.198000,27.378000,23.452921,17458000
2019-08-19 00:00:00,27.950001,28.007000,27.561001,27.878000,23.881243,17489000
2019-08-20 00:00:00,27.816000,28.496000,27.701000,28.037001,24.017448,17920000
2019-08-21 00:00:00,28.464001,28.826000,28.405001,28.750000,24.628225,19381000
2019-08-22 00:00:00,28.839001,28.941000,28.455000,28.761999,24.638508,12294000
2019-08-23 00:00:00,28.399000,28.548000,27.105000,27.212999,23.311579,25742000
2019-08-26 00:00:00,27.695000,27.795000,27.500000,27.722000,23.747606,14249000
2019-08-27 00:00:00,27.915001,28.021999,27.490999,27.556999,23.606262,14298000
2019-08-28 00:00:00,27.433001,27.641001,27.047001,27.606001,23.648235,17202000
2019-08-29 00:00:00,28.149000,28.549000,28.105000,28.337000,24.274437,16429000
2019-08-30 00:00:00,28.535999,28.590000,27.990000,28.264000,24.211903,16720000
2019-09-03 00:00:00,28.000000,28.084999,27.093000,27.405001,23.476055,22210000
2019-09-04 00:00:00,27.879000,28.434999,27.820000,28.302000,24.244452,19865000
2019-09-05 00:00:00,28.836000,29.368000,28.836000,29.101999,24.929758,20938000
2019-09-06 00:00:00,29.184999,29.330000,28.930000,29.191000,25.006002,13748000
2019-09-09 00:00:00,29.500000,29.719999,29.040001,29.261000,25.065968,21686000
2019-09-10 00:00:00,29.135000,29.445000,28.882000,29.444000,25.222731,20850000
2019-09-11 00:00:00,29.632000,29.878000,29.455000,29.801001,25.528549,19260000
2019-09-12 00:00:00,30.143000,30.233000,29.646999,30.058001,25.748707,33109000
2019-09-13 00:00:00,29.764999,29.799000,28.389000,29.032000,24.869799,62557000
2019-09-16 00:00:00,28.680000,29.027000,28.570000,28.865999,24.727596,22176000
2019-09-17 00:00:00,28.802000,28.930000,28.375000,28.882999,24.742163,21912000
2019-09-18 00:00:00,28.849001,29.076000,28.388000,28.774000,24.648783,16510000
2019-09-19 00:00:00,28.850000,29.195000,28.723000,29.063999,24.897209,19421000
2019-09-20 00:00:00,28.767000,28.840000,28.181999,28.426001,24.574745,35524000
2019-09-23 00:00:00,28.362000,28.716000,28.208000,28.546000,24.678486,14850000
2019-09-24 00:00:00,28.732000,28.889999,27.975000,28.231001,24.406164,20292000
2019-09-25 00:00:00,27.174999,27.721001,27.000000,27.577000,23.840769,55588000
2019-09-26 00:00:00,27.525999,27.865999,27.268000,27.691000,23.939325,27477000
2019-09-27 00:00:00,27.663000,28.128000,27.296000,27.414000,23.699852,28660000
2019-09-30 00:00:00,27.579000,27.672001,27.250000,27.607000,23.866705,19826000
2019-10-01 00:00:00,27.827000,27.965000,27.337999,27.485001,23.761234,19429000
2019-10-02 00:00:00,27.346001,27.379999,26.832001,27.007000,23.347994,19543000
2019-10-03 00:00:00,27.000000,27.450001,26.722000,27.443001,23.724926,17096000
2019-10-04 00:00:00,27.849001,28.170000,27.520000,28.143000,24.330086,25884000
2019-10-07 00:00:00,28.000999,28.101999,27.570000,27.608000,23.867571,18658000
2019-10-08 00:00:00,27.406000,27.490000,26.891001,27.033001,23.370476,22757000
2019-10-09 00:00:00,27.368000,27.490999,27.202000,27.315001,23.614271,16329000
2019-10-10 00:00:00,27.455999,27.878000,27.365000,27.445000,23.726654,17340000
2019-10-11 00:00:00,27.948999,28.408001,27.909000,28.091000,24.285130,23697000
2019-10-14 00:00:00,28.042000,28.264999,27.988001,28.166000,24.349972,13312000
2019-10-15 00:00:00,28.264000,29.062000,28.219999,29.032000,25.098642,21230000
2019-10-16 00:00:00,28.900000,29.010000,28.653999,28.848000,24.939568,20046000
2019-10-17 00:00:00,29.014000,29.171000,28.832001,28.943001,25.021700,13125000
2019-10-18 00:00:00,28.950001,28.993999,28.400000,28.673000,24.788279,16981000
2019-10-21 00:00:00,28.844000,29.190001,28.705999,28.957001,25.033804,13031000
2019-10-22 00:00:00,28.959000,29.086000,28.724001,28.746000,24.851387,13046000
2019-10-23 00:00:00,28.296000,28.354000,27.875999,28.032000,24.234123,20957000
2019-10-24 00:00:00,28.289000,28.350000,27.870001,28.231001,24.406164,16896000
2019-10-25 00:00:00,28.326000,29.136999,28.322001,28.982000,25.055410,20869000
2019-10-28 00:00:00,29.115999,29.247999,28.832001,29.155001,25.204977,12999000
2019-10-29 00:00:00,29.228001,29.370001,28.806999,28.816000,24.911905,13272000
2019-10-30 00:00:00,29.000999,29.097000,28.652000,29.024000,25.091722,17281000
2019-10-31 00:00:00,28.980000,29.408001,28.780001,29.285000,25.317366,27881000
2019-11-01 00:00:00,29.299000,29.659000,29.209000,29.659000,25.640692,21234000
2019-11-04 00:00:00,29.952000,30.546000,29.910000,30.500000,26.367752,34075000
2019-11-05 00:00:00,30.500000,31.677999,30.447001,31.403999,27.149269,38711000
2019-11-06 00:00:00,31.205999,31.427999,30.871000,31.316000,27.073198,18076000
2019-11-07 00:00:00,31.558001,31.950001,31.065001,31.174000,26.950434,23981000
2019-11-08 00:00:00,30.987000,31.360001,30.513000,31.341000,27.094810,17830000
2019-11-11 00:00:00,31.120001,31.323999,31.084000,31.275000,27.037748,9154000
2019-11-12 00:00:00,31.400000,31.639999,31.326000,31.552999,27.278082,16875000
2019-11-13 00:00:00,31.247999,31.570999,31.200001,31.367001,27.117285,12625000
2019-11-14 00:00:00,31.075001,31.184000,30.611000,30.896999,26.710960,17268000
2019-11-15 00:00:00,31.226999,31.306000,31.007999,31.291000,27.051586,18120000
2019-11-18 00:00:00,31.181999,31.341000,30.802999,31.107000,26.892511,15850000
2019-11-19 00:00:00,31.665001,32.567001,31.665001,31.770000,27.465691,31743000
2019-11-20 00:00:00,31.590000,31.683001,30.900000,31.167000,26.944386,19927000
2019-11-21 00:00:00,31.114000,31.570000,30.980000,31.525000,27.253881,19317000
2019-11-22 00:00:00,31.664000,31.948000,31.371000,31.492001,27.225349,13216000
2019-11-25 00:00:00,31.660999,32.018002,31.627001,31.962000,27.631676,19636000
2019-11-26 00:00:00,31.900000,32.018002,31.605000,31.627001,27.342062,30793000
2019-11-27 00:00:00,31.794001,31.993999,31.646999,31.844000,27.529659,20182000
2019-11-29 00:00:00,31.684999,31.778999,31.500000,31.621000,27.336872,9229000
2019-12-02 00:00:00,31.771999,31.792999,31.056000,31.072001,26.862253,23158000
2019-12-03 00:00:00,30.582001,30.900000,30.313000,30.652000,26.499163,18736000
2019-12-04 00:00:00,30.975000,31.136999,30.712999,30.972000,26.775803,14439000
2019-12-05 00:00:00,31.059000,31.246000,30.906000,31.118999,26.902887,15494000
2019-12-06 00:00:00,31.464001,31.634001,31.205999,31.605000,27.323042,16937000
2019-12-09 00:00:00,31.600000,31.715000,31.393999,31.438000,27.178667,24694000
2019-12-10 00:00:00,31.510000,31.591000,31.325001,31.506001,27.237455,14563000
2019-12-11 00:00:00,31.518000,32.134998,31.518000,31.972000,27.640316,20829000
2019-12-12 00:00:00,31.973000,33.015999,31.943001,32.779999,28.338848,38935000
2019-12-13 00:00:00,31.806000,31.976999,31.062000,31.542000,27.268579,70952000
2019-12-16 00:00:00,31.797001,32.759998,31.753000,32.313000,27.935120,37921000
2019-12-17 00:00:00,32.374001,32.494999,32.174999,32.380001,27.993042,20248000
2019-12-18 00:00:00,32.439999,33.119999,32.355000,32.743999,28.307728,35155000
2019-12-19 00:00:00,32.921001,32.925999,32.370998,32.410000,28.018974,31787000
2019-12-20 00:00:00,32.247002,32.247002,31.691000,31.900000,27.857420,50540000
2019-12-23 00:00:00,32.054001,32.233002,31.761000,31.952999,27.903700,20254000
2019-12-24 00:00:00,32.000000,32.068001,31.900999,32.049999,27.988411,7024000
2019-12-26 00:00:00,32.126999,32.174000,31.681999,31.798000,27.768347,15848000
2019-12-27 00:00:00,31.930000,31.934999,31.521999,31.653000,27.641726,14487000
2019-12-30 00:00:00,31.652000,31.733000,31.275000,31.346001,27.373629,13104000
2019-12-31 00:00:00,31.312000,31.636000,31.280001,31.601999,27.597187,12487000
2020-01-02 00:00:00,31.931999,32.250000,31.732000,32.238998,28.153460,20329000
2020-01-03 00:00:00,31.750999,32.000000,31.408001,31.419001,27.437380,22870000
2020-01-06 00:00:00,31.084999,31.392000,30.962999,31.372000,27.396334,20789000
2020-01-07 00:00:00,31.525000,31.658001,31.225000,31.264000,27.302019,18565000
2020-01-08 00:00:00,31.298000,31.349001,30.841000,30.874001,26.961443,31979000
2020-01-09 00:00:00,31.232000,31.299000,30.305000,30.625999,26.744873,42397000
2020-01-10 00:00:00,30.545000,30.555000,29.879999,29.922001,26.130089,40705000
2020-01-13 00:00:00,30.002001,30.379999,29.966999,30.118000,26.301249,22054000
2020-01-14 00:00:00,30.200001,30.915001,30.159000,30.818001,26.912540,28911000
2020-01-15 00:00:00,30.731001,30.788000,30.070000,30.313999,26.472408,22733000
2020-01-16 00:00:00,30.500000,30.785999,30.421000,30.705000,26.813858,21508000
2020-01-17 00:00:00,30.865999,30.893999,30.407000,30.879000,26.965807,26896000
2020-01-21 00:00:00,30.780001,30.951000,30.632999,30.806999,26.902931,21967000
2020-01-22 00:00:00,31.080000,31.792000,31.049999,31.297001,27.330835,29264000
2020-01-23 00:00:00,31.518000,31.980000,31.082001,31.965000,27.914186,30266000
2020-01-24 00:00:00,33.049999,33.158001,32.077000,32.400002,28.294064,55782000
2020-01-27 00:00:00,31.641001,31.988001,30.864000,30.903000,26.986765,38843000
2020-01-28 00:00:00,31.353001,31.923000,31.277000,31.830999,27.797167,23166000
2020-01-29 00:00:00,32.082001,32.542999,31.714001,31.750999,27.727304,23668000
2020-01-30 00:00:00,31.431999,31.552000,30.858999,31.520000,27.525578,21128000
2020-01-31 00:00:00,31.416000,31.458000,30.362000,30.516001,26.648808,22123000
2020-02-03 00:00:00,30.563000,30.660000,30.364000,30.523001,26.654922,21288000
2020-02-04 00:00:00,31.179001,31.457001,30.965000,31.160000,27.211197,22559000
2020-02-05 00:00:00,31.750000,31.981001,31.586000,31.738001,27.715954,24825000
2020-02-06 00:00:00,31.884001,31.988001,31.423000,31.969000,27.917677,22683000
2020-02-07 00:00:00,31.832001,31.851999,31.487000,31.523001,27.528196,15883000
2020-02-10 00:00:00,31.237000,31.459999,31.030001,31.420000,27.438250,19218000
2020-02-11 00:00:00,31.665001,32.078999,31.601000,32.015999,27.958721,15527000
2020-02-12 00:00:00,32.203999,32.508999,32.162998,32.470001,28.355186,15310000
2020-02-13 00:00:00,32.147999,32.546001,32.095001,32.396999,28.291435,13857000
2020-02-14 00:00:00,32.484001,32.570000,31.709999,31.777000,27.750006,19137000
2020-02-18 00:00:00,31.500000,31.500999,30.805000,31.075001,27.136972,26693000
2020-02-19 00:00:00,31.299999,31.683001,31.170000,31.569000,27.568369,20525000
2020-02-20 00:00:00,31.396000,31.569000,30.612000,30.924000,27.005108,25521000
2020-02-21 00:00:00,30.850000,30.945000,30.229000,30.450001,26.591173,24522000
2020-02-24 00:00:00,29.420000,29.879999,29.006001,29.160000,25.464647,36849000
2020-02-25 00:00:00,29.410999,29.573000,28.107000,28.268000,24.685692,31892000
2020-02-26 00:00:00,28.434999,28.820000,28.400000,28.587999,24.965139,23074000
2020-02-27 00:00:00,28.030001,28.531000,27.354000,27.395000,23.923326,34837000
2020-02-28 00:00:00,26.333000,27.413000,26.274000,27.261999,23.807180,44586000
2020-03-02 00:00:00,27.676001,28.540001,27.115000,28.497000,24.885674,31976000
2020-03-03 00:00:00,28.465000,28.848000,27.157000,27.424999,23.949522,29930000
2020-03-04 00:00:00,27.754000,28.572001,27.476999,28.545000,24.927588,23477000
2020-03-05 00:00:00,27.726000,28.309000,27.245001,27.403999,23.931185,24374000
2020-03-06 00:00:00,26.698000,27.093000,26.250000,26.945000,23.530348,30169000
2020-03-09 00:00:00,25.108000,26.027000,24.424999,24.771999,21.632727,43934000
2020-03-10 00:00:00,25.659000,26.368000,24.340000,26.290001,22.958361,55071000
2020-03-11 00:00:00,25.388000,25.649000,24.249001,24.597000,21.479908,36030000
2020-03-12 00:00:00,22.698999,24.275999,21.632000,21.878000,19.105474,64281000
2020-03-13 00:00:00,22.551001,23.447001,20.115999,23.422001,20.453806,84714000
2020-03-16 00:00:00,20.818001,21.879999,18.023001,18.757999,16.380863,76935000
2020-03-17 00:00:00,19.181999,20.000999,18.148001,19.951000,17.422676,70662000
2020-03-18 00:00:00,18.566000,18.747999,15.567000,16.787001,14.659641,98993000
2020-03-19 00:00:00,16.764000,20.747000,16.500000,19.445000,16.980801,74438000
2020-03-20 00:00:00,20.200001,20.868000,18.791000,19.222000,17.071388,74044000
2020-03-23 00:00:00,19.288000,19.597000,17.775000,19.347000,17.182402,46921000
2020-03-24 00:00:00,20.563999,21.871000,20.129000,21.275999,18.895582,62970000
2020-03-25 00:00:00,21.219000,24.400000,20.922001,21.754999,19.320986,64442000
2020-03-26 00:00:00,22.603001,24.480000,22.603001,24.316999,21.596346,60213000
2020-03-27 00:00:00,23.299999,24.209000,23.000000,23.069000,20.487978,39448000
2020-03-30 00:00:00,23.219999,24.136000,22.844000,24.011000,21.324581,52343000
2020-03-31 00:00:00,23.799999,25.271000,23.606001,23.709999,21.057261,50191000
2020-04-01 00:00:00,22.799000,23.441000,21.968000,22.363001,19.860966,41858000
2020-04-02 00:00:00,22.240000,23.795000,22.145000,23.705999,21.053705,45049000
2020-04-03 00:00:00,23.664000,24.254999,23.055000,23.426001,20.805035,28960000
2020-04-06 00:00:00,24.458000,25.341000,24.356001,25.243999,22.419632,38868000
2020-04-07 00:00:00,26.184000,26.549999,25.253000,25.327000,22.493340,45892000
2020-04-08 00:00:00,25.677000,26.219999,25.364000,26.110001,23.188738,27565000
2020-04-09 00:00:00,26.579000,26.750000,25.131001,25.430000,22.584822,34828000
2020-04-13 00:00:00,25.350000,26.152000,25.280001,25.992001,23.083942,25729000
2020-04-14 00:00:00,26.612000,26.837999,26.232000,26.763000,23.768681,23094000
2020-04-15 00:00:00,26.100000,26.232000,25.615999,25.743999,22.863686,25926000
2020-04-16 00:00:00,26.176001,26.176001,25.410999,25.829000,22.939178,26896000
2020-04-17 00:00:00,26.322001,26.743000,25.893999,26.587999,23.613262,34089000
2020-04-20 00:00:00,26.000000,26.525999,25.791000,25.827999,22.938292,23801000
2020-04-21 00:00:00,25.455999,25.479000,24.680000,24.764999,21.994223,29138000
2020-04-22 00:00:00,25.476999,26.222000,25.073999,25.997000,23.088385,35438000
2020-04-23 00:00:00,26.025000,26.520000,25.851999,25.893000,22.996017,21659000
2020-04-24 00:00:00,25.981001,26.507000,25.888000,26.481001,23.518229,23373000
2020-04-27 00:00:00,26.434999,27.122000,26.434999,26.844999,23.841507,16588000
2020-04-28 00:00:00,27.424000,27.641001,26.412001,26.473000,23.511127,18988000
2020-04-29 00:00:00,27.108000,27.698999,26.923000,27.601999,24.513811,28871000
2020-04-30 00:00:00,27.353001,27.405001,26.879999,27.162001,24.123041,23379000
2020-05-01 00:00:00,26.600000,26.785000,25.820000,25.969999,23.064404,26836000
2020-05-04 00:00:00,25.921000,26.243000,25.532000,26.226000,23.291761,17046000
2020-05-05 00:00:00,26.655001,26.893999,26.371000,26.487000,23.523560,26462000
2020-05-06 00:00:00,26.833000,27.048000,26.362000,26.417999,23.462278,22727000
2020-05-07 00:00:00,27.000000,27.047001,26.600000,26.775000,23.779339,18238000
2020-05-08 00:00:00,27.219999,27.555000,27.003000,27.503000,24.425890,16757000
2020-05-11 00:00:00,27.337000,27.674000,27.174999,27.540001,24.458746,20851000
2020-05-12 00:00:00,27.658001,27.771999,26.822001,26.844999,23.841507,18764000
2020-05-13 00:00:00,27.007000,27.033001,25.936001,26.315001,23.370804,21927000
2020-05-14 00:00:00,26.096001,26.695000,25.475000,26.660000,23.677206,19912000
2020-05-15 00:00:00,25.941999,26.406000,25.677000,26.041000,23.127464,21650000
2020-05-18 00:00:00,26.862000,27.673000,26.799999,27.353001,24.292669,26531000
2020-05-19 00:00:00,27.353001,27.603001,27.160999,27.195000,24.152349,18702000
2020-05-20 00:00:00,27.697001,28.131001,27.608000,27.868000,24.750055,18605000
2020-05-21 00:00:00,27.892000,27.950001,27.465000,27.480000,24.405460,14847000
2020-05-22 00:00:00,27.374001,27.725000,27.051001,27.665001,24.569765,17452000
2020-05-26 00:00:00,28.500000,28.709000,28.139000,28.202000,25.046680,23573000
2020-05-27 00:00:00,28.302000,28.780001,28.000000,28.759001,25.541363,22812000
2020-05-28 00:00:00,28.500000,28.930000,28.243000,28.313999,25.146145,18543000
2020-05-29 00:00:00,28.290001,29.200001,28.191000,29.127001,25.868185,27300000
2020-06-01 00:00:00,29.042000,29.110001,28.737000,28.999001,25.754513,18444000
2020-06-02 00:00:00,29.103001,29.832001,29.009001,29.806000,26.471220,31847000
2020-06-03 00:00:00,30.105000,31.084999,30.051001,30.952999,27.489887,31926000
2020-06-04 00:00:00,30.575001,31.299999,30.209999,30.889000,27.433054,34997000
2020-06-05 00:00:00,31.969999,32.811001,31.509001,31.708000,28.160423,50958000
2020-06-08 00:00:00,31.750000,31.884001,31.336000,31.752001,28.199499,23916000
2020-06-09 00:00:00,31.200001,31.888000,31.157000,31.532000,28.004107,22335000
2020-06-10 00:00:00,31.665001,31.921000,31.469999,31.504000,27.979248,25914000
2020-06-11 00:00:00,30.761999,30.855000,29.340000,29.375000,26.088444,45115000
2020-06-12 00:00:00,30.282000,30.395000,29.273001,30.025000,26.665720,39439000
2020-06-15 00:00:00,29.500000,30.674999,29.240999,30.409000,27.006754,29824000
2020-06-16 00:00:00,31.000000,31.455000,30.400000,31.072001,27.595575,30387000
2020-06-17 00:00:00,31.341999,31.671000,31.179001,31.344000,27.837147,20279000
2020-06-18 00:00:00,31.212000,31.912001,31.152000,31.871000,28.305183,33625000
2020-06-19 00:00:00,31.768000,31.809999,30.277000,30.277000,27.166550,58465000
2020-06-22 00:00:00,30.549999,31.417999,30.353001,31.354000,28.132908,27195000
2020-06-23 00:00:00,31.506001,31.743999,31.129000,31.129999,27.931921,22419000
2020-06-24 00:00:00,30.920000,31.097000,30.451000,30.697001,27.543404,19096000
2020-06-25 00:00:00,30.606001,30.948000,30.299999,30.885000,27.712090,15029000
2020-06-26 00:00:00,31.357000,31.577999,30.315001,30.740999,27.582880,31425000
2020-06-29 00:00:00,30.806999,31.041000,30.445000,30.978001,27.795536,14516000
2020-06-30 00:00:00,30.995001,31.707001,30.674999,31.561001,28.318642,25125000
2020-07-01 00:00:00,31.511000,31.684999,31.194000,31.273001,28.060232,15661000
2020-07-02 00:00:00,31.775000,31.938000,31.466000,31.547001,28.306082,16638000
2020-07-06 00:00:00,32.000000,32.098999,31.733999,31.879000,28.603975,17561000
2020-07-07 00:00:00,31.733999,31.816000,31.254999,31.312000,28.095224,16150000
2020-07-08 00:00:00,31.614000,31.983999,31.412001,31.957001,28.673965,18023000
2020-07-09 00:00:00,32.000999,32.432999,31.525000,32.150002,28.847132,25225000
2020-07-10 00:00:00,32.191002,32.299000,31.544001,31.944000,28.662294,13280000
2020-07-13 00:00:00,32.167999,32.353001,31.058001,31.131001,27.932819,21549000
2020-07-14 00:00:00,30.899000,31.622000,30.518999,31.507999,28.271084,18363000
2020-07-15 00:00:00,31.594999,31.777000,31.017000,31.378000,28.154442,15253000
2020-07-16 00:00:00,31.061001,31.388000,30.930000,31.134001,27.935511,12929000
2020-07-17 00:00:00,31.415001,31.521000,31.000000,31.271000,28.058432,13354000
2020-07-20 00:00:00,31.184999,31.764999,31.025999,31.712999,28.455025,14323000
2020-07-21 00:00:00,31.923000,31.923000,31.267000,31.434000,28.204691,14312000
2020-07-22 00:00:00,31.500999,31.568001,31.037001,31.379999,28.156233,14404000
2020-07-23 00:00:00,31.337000,31.608999,30.837999,30.966999,27.785666,19417000
2020-07-24 00:00:00,30.659000,31.091000,30.417999,30.579000,27.437527,15631000
2020-07-27 00:00:00,30.830000,31.296000,30.749001,31.268000,28.055744,20646000
2020-07-28 00:00:00,31.118000,31.211000,30.615999,30.735001,27.577497,13974000
2020-07-29 00:00:00,30.853001,31.122999,30.743999,30.885000,27.712090,16562000
2020-07-30 00:00:00,30.600000,31.292999,30.600000,31.209999,28.003700,21259000
2020-07-31 00:00:00,31.469999,31.840000,31.139999,31.674999,28.420933,24719000
2020-08-03 00:00:00,31.799999,32.348999,31.728001,32.123001,28.822910,20796000
2020-08-04 00:00:00,32.049999,32.859001,32.039001,32.839001,29.465351,25258000
2020-08-05 00:00:00,32.825001,33.158001,32.580002,32.953999,29.568537,22299000
2020-08-06 00:00:00,32.777000,33.088001,32.541000,32.916000,29.534437,14193000
2020-08-07 00:00:00,32.839001,32.973000,32.147999,32.592999,29.244619,14192000
2020-08-10 00:00:00,32.422001,32.926998,32.405998,32.736000,29.372932,11989000
2020-08-11 00:00:00,32.757000,33.332001,32.276001,32.403000,29.074142,19316000
2020-08-12 00:00:00,32.584999,33.588001,32.535999,33.363998,29.936417,18471000
2020-08-13 00:00:00,33.221001,33.341000,32.785000,32.942001,29.557768,15095000
2020-08-14 00:00:00,32.801998,32.985001,32.599998,32.782001,29.414209,10140000
2020-08-17 00:00:00,32.951000,33.179001,32.900002,33.032001,29.638525,10594000
2020-08-18 00:00:00,33.186001,33.318001,32.813999,32.863998,29.487776,8857000
2020-08-19 00:00:00,32.946999,33.308998,32.824001,32.921001,29.538927,11273000
2020-08-20 00:00:00,32.769001,32.999001,32.605999,32.882999,29.504827,8910000
2020-08-21 00:00:00,32.830002,33.046001,32.500000,33.001999,29.611601,11508000
2020-08-24 00:00:00,33.201000,33.618999,33.113998,33.400002,29.968723,11996000
2020-08-25 00:00:00,33.500000,33.709000,33.299999,33.613998,30.160732,11140000
2020-08-26 00:00:00,33.473999,34.151001,33.351002,33.966999,30.477472,14844000
2020-08-27 00:00:00,34.049000,34.130001,33.613998,33.914001,30.429920,12552000
2020-08-28 00:00:00,33.900002,34.481998,33.770000,34.481998,30.939550,14589000
2020-08-31 00:00:00,34.352001,35.057999,34.352001,34.715000,31.148619,22229000
2020-09-01 00:00:00,35.000000,36.207001,34.742001,35.953999,32.260330,29205000
2020-09-02 00:00:00,36.585999,37.896000,36.356998,37.500999,33.648411,37053000
2020-09-03 00:00:00,36.601002,36.889999,35.015999,35.209000,31.591873,41795000
2020-09-04 00:00:00,36.097000,37.252998,35.349998,36.294998,32.566303,58514000
2020-09-08 00:00:00,35.265999,36.275002,35.000000,35.054001,31.452803,26685000
2020-09-09 00:00:00,35.616001,36.185001,35.110001,36.002998,32.304302,26273000
2020-09-10 00:00:00,36.213001,36.783001,35.438999,35.708000,32.039604,22851000
2020-09-11 00:00:00,36.049999,36.426998,35.467999,35.970001,32.274693,17362000
2020-09-14 00:00:00,36.441002,36.589001,35.935001,36.220001,32.499012,16447000
2020-09-15 00:00:00,36.630001,37.112000,36.535000,36.691002,32.921623,16618000
2020-09-16 00:00:00,36.818001,37.200001,36.634998,36.703999,32.933289,18498000
2020-09-17 00:00:00,35.500000,37.012001,35.500000,36.591999,32.832794,22862000
2020-09-18 00:00:00,36.712002,36.784000,35.505001,35.973000,32.277378,35295000
2020-09-21 00:00:00,35.000999,35.195999,34.348000,35.179001,31.852737,24198000
2020-09-22 00:00:00,35.637001,36.180000,35.294998,36.159000,32.740070,19500000
2020-09-23 00:00:00,36.018002,36.120998,35.005001,35.159000,31.834620,15542000
2020-09-24 00:00:00,35.020000,35.757000,34.909000,35.251999,31.918827,13611000
2020-09-25 00:00:00,35.205002,35.771999,34.827999,35.680000,32.306370,18183000
2020-09-28 00:00:00,36.167999,36.842999,35.903000,36.730000,33.257080,22192000
2020-09-29 00:00:00,36.749001,37.080002,36.398998,36.425999,32.981819,13722000
2020-09-30 00:00:00,36.294998,37.099998,36.171001,36.431999,32.987255,22403000
2020-10-01 00:00:00,36.897999,37.070999,36.481998,36.860001,33.374790,16016000
2020-10-02 00:00:00,36.000000,36.492001,35.615002,35.682999,32.309071,17100000
2020-10-05 00:00:00,36.084000,36.685001,35.990002,36.610001,33.148430,18923000
2020-10-06 00:00:00,36.611000,37.200001,36.202000,36.397999,32.956467,16672000
2020-10-07 00:00:00,36.834999,36.986000,36.605999,36.674000,33.206371,12747000
2020-10-08 00:00:00,36.988998,37.429001,36.831001,37.333000,33.803066,17045000
2020-10-09 00:00:00,37.592999,38.000000,37.400002,37.669998,34.108196,17253000
2020-10-12 00:00:00,38.179001,38.509998,37.979000,38.243000,34.627022,18839000
2020-10-13 00:00:00,38.441002,38.779999,37.861000,38.148998,34.541908,16731000
2020-10-14 00:00:00,38.354000,38.374001,37.785000,38.029999,34.434166,17298000
2020-10-15 00:00:00,37.505001,38.049000,37.501999,37.993000,34.400661,14361000
2020-10-16 00:00:00,38.327999,38.327999,37.814999,37.865002,34.284767,10295000
2020-10-19 00:00:00,38.124001,38.361000,37.514999,37.577000,34.023991,14803000
2020-10-20 00:00:00,37.701000,38.113998,37.556000,37.699001,34.134460,13297000
2020-10-21 00:00:00,37.577000,37.686001,37.030998,37.205002,33.687164,11896000
2020-10-22 00:00:00,37.108002,37.431000,36.710999,37.337002,33.806679,13547000
2020-10-23 00:00:00,37.326000,37.394001,37.076000,37.271999,33.747837,8868000
2020-10-26 00:00:00,36.959999,36.995998,35.761002,36.304001,32.871349,15509000
2020-10-27 00:00:00,36.518002,36.518002,35.922001,35.959999,32.559879,9620000
2020-10-28 00:00:00,35.400002,35.486000,34.553001,34.721001,31.438034,22331000
2020-10-29 00:00:00,34.726002,35.944000,34.536999,35.500999,32.144287,15697000
2020-10-30 00:00:00,34.938999,35.299000,34.442001,34.963001,31.657156,18530000
2020-11-02 00:00:00,35.504002,35.539001,34.834999,35.125000,31.803835,11757000
2020-11-03 00:00:00,35.595001,35.924000,34.666000,35.375999,32.031105,15457000
2020-11-04 00:00:00,36.048000,36.897999,35.714001,36.463001,33.015327,21277000
2020-11-05 00:00:00,37.236000,38.264999,37.201000,38.087002,34.485775,21783000
2020-11-06 00:00:00,38.005001,38.367001,37.716999,38.062000,34.463131,13545000
2020-11-09 00:00:00,38.910000,39.389000,37.500999,37.554001,34.003162,24088000
2020-11-10 00:00:00,37.032001,37.320000,36.035999,36.313000,32.879505,26784000
2020-11-11 00:00:00,37.085999,37.714001,36.855000,37.591999,34.037571,15133000
2020-11-12 00:00:00,37.723000,37.860001,36.827999,37.020000,33.519661,12160000
2020-11-13 00:00:00,37.500000,37.733002,37.158001,37.349998,33.818455,10997000
2020-11-16 00:00:00,37.480999,38.137001,37.400002,38.081001,34.480347,12100000
2020-11-17 00:00:00,37.866001,38.243999,37.702999,38.060001,34.461327,11950000
2020-11-18 00:00:00,37.988998,38.493999,37.962002,38.062000,34.463131,13517000
2020-11-19 00:00:00,37.771999,38.484001,37.435001,38.432999,34.799053,14555000
2020-11-20 00:00:00,38.431000,38.884998,38.270000,38.333000,34.708515,16140000
2020-11-23 00:00:00,38.536999,38.915001,38.299999,38.700001,35.040806,12212000
2020-11-24 00:00:00,38.862000,39.280998,38.618000,39.223000,35.514355,13455000
2020-11-25 00:00:00,39.284000,39.549999,38.900002,39.083000,35.387592,11787000
2020-11-27 00:00:00,39.314999,39.917000,39.299999,39.494999,35.760635,6846000
2020-11-30 00:00:00,39.402000,40.216000,39.273998,40.158001,36.360939,15454000
2020-12-01 00:00:00,40.346001,40.667999,40.012001,40.457001,36.631687,18181000
2020-12-02 00:00:00,40.473999,40.541000,40.111000,40.373001,36.555622,10031000
2020-12-03 00:00:00,40.450001,40.664001,39.810001,39.980000,36.199783,16120000
2020-12-04 00:00:00,40.240002,41.240002,40.238998,41.167999,37.275452,20083000
2020-12-07 00:00:00,41.640999,42.284000,41.334000,42.089001,38.109375,19707000
2020-12-08 00:00:00,41.928001,42.669998,41.816002,42.341000,38.337543,18121000
2020-12-09 00:00:00,41.946999,42.610001,41.367001,41.622002,37.686527,20908000
2020-12-10 00:00:00,41.144001,41.525002,40.800999,41.004002,37.126957,26244000
2020-12-11 00:00:00,40.400002,40.700001,39.827999,40.582001,36.744862,26664000
2020-12-14 00:00:00,40.653000,41.430000,40.599998,41.180000,37.286316,26116000
2020-12-15 00:00:00,41.528000,41.938999,41.299000,41.806000,37.853130,21207000
2020-12-16 00:00:00,41.799999,42.715000,41.695999,42.490002,38.472462,23160000
2020-12-17 00:00:00,42.650002,43.000999,42.455002,42.610001,38.581108,17152000
2020-12-18 00:00:00,42.480000,43.564999,42.200001,43.456001,39.682377,45243000
2020-12-21 00:00:00,42.814999,43.200001,42.369999,42.888000,39.163704,19096000
2020-12-22 00:00:00,42.888000,43.355000,42.799999,43.310001,39.549057,17929000
2020-12-23 00:00:00,43.500000,43.599998,42.507999,42.546001,38.851410,10533000
2020-12-24 00:00:00,42.848999,43.200001,42.757000,43.146000,39.399300,4123000
2020-12-28 00:00:00,43.433998,43.727001,43.115002,43.188000,39.437656,10625000
2020-12-29 00:00:00,43.583000,43.583000,42.679001,42.903999,39.178318,9593000
2020-12-30 00:00:00,43.167000,43.799999,43.009998,43.483002,39.707039,10553000
2020-12-31 00:00:00,43.631001,43.849998,43.305000,43.785000,39.982815,10211000
2021-01-04 00:00:00,43.932999,44.223999,42.124001,42.521999,38.829483,24171000
2021-01-05 00:00:00,42.505001,42.938999,42.240002,42.810001,39.092484,15069000
2021-01-06 00:00:00,42.330002,43.458000,42.054001,42.546001,38.851410,17226000
2021-01-07 00:00:00,43.206001,44.459000,43.060001,44.339001,40.488708,21267000
2021-01-08 00:00:00,44.700001,44.999001,43.865002,44.563999,40.694164,15271000
2021-01-11 00:00:00,44.061001,44.877998,44.042000,44.576000,40.705124,11660000
2021-01-12 00:00:00,44.777000,45.476002,44.560001,44.938999,41.036602,13846000
2021-01-13 00:00:00,45.029999,45.348999,44.811001,45.120998,41.202797,13118000
2021-01-14 00:00:00,45.351002,45.849998,45.132999,45.207001,41.281326,19692000
2021-01-15 00:00:00,44.818001,45.000000,44.066002,44.584999,40.713337,18165000
2021-01-19 00:00:00,44.827999,45.949001,44.827999,45.926998,41.938801,18819000
2021-01-20 00:00:00,45.952000,46.578999,45.500000,46.188000,42.177139,14710000
2021-01-21 00:00:00,46.210999,46.946999,46.040001,46.681999,42.628250,15749000
2021-01-22 00:00:00,46.372002,46.755001,46.237999,46.501999,42.463871,16248000
2021-01-25 00:00:00,46.956001,47.000000,45.608002,46.479000,42.442875,14692000
2021-01-26 00:00:00,46.264999,46.702999,46.188000,46.387001,42.358868,10742000
2021-01-27 00:00:00,45.554001,45.695999,44.151001,44.470001,40.608326,21857000
2021-01-28 00:00:00,45.553001,45.848000,44.702999,45.174000,41.251194,16946000
2021-01-29 00:00:00,44.990002,45.810001,44.763000,45.049999,41.137959,22069000
2021-02-01 00:00:00,45.584999,46.931999,45.359001,46.674000,42.620934,17027000
2021-02-02 00:00:00,46.976002,47.696999,46.799999,47.688000,43.546890,16141000
2021-02-03 00:00:00,47.693001,47.852001,46.459000,46.519001,42.479401,17857000
2021-02-04 00:00:00,46.000000,47.116001,45.748001,47.063000,42.976154,15243000
2021-02-05 00:00:00,47.432999,47.692001,46.535999,46.601002,42.554283,12488000
2021-02-08 00:00:00,46.875000,47.341999,46.557999,47.270000,43.165184,17610000
2021-02-09 00:00:00,47.200001,47.519001,46.862000,47.463001,43.341423,12758000
2021-02-10 00:00:00,47.721001,47.749001,46.549000,47.005001,42.923195,14587000
2021-02-11 00:00:00,47.368999,47.935001,46.918999,47.839001,43.684769,17123000
2021-02-12 00:00:00,47.838001,48.702000,47.488998,48.632000,44.408909,13551000
2021-02-16 00:00:00,49.088001,49.478001,48.702000,48.912998,44.665504,15163000
2021-02-17 00:00:00,48.423000,48.612000,47.506001,48.248001,44.058258,14084000
2021-02-18 00:00:00,48.022999,48.541000,47.513000,48.326000,44.129490,16715000
2021-02-19 00:00:00,48.724998,49.514000,48.676998,48.995998,44.741302,17992000
2021-02-22 00:00:00,48.400002,48.660999,47.532001,47.636002,43.499393,16967000
2021-02-23 00:00:00,47.113998,47.462002,45.605999,47.189999,43.092129,21303000
2021-02-24 00:00:00,46.768002,48.140999,46.265999,48.088001,43.912151,15125000
2021-02-25 00:00:00,47.474998,47.938000,45.521000,45.716000,41.746128,23148000
2021-02-26 00:00:00,46.752998,47.576000,46.074001,46.987000,42.906757,22640000
2021-03-01 00:00:00,47.970001,49.000000,47.386002,48.958000,44.706604,24677000
2021-03-02 00:00:00,49.036999,49.085999,47.959999,48.050999,43.878361,18546000
2021-03-03 00:00:00,47.799999,48.139000,46.196999,46.306000,42.284893,23991000
2021-03-04 00:00:00,46.167000,46.700001,44.143002,44.359001,40.506969,34575000
2021-03-05 00:00:00,45.424999,45.599998,43.299999,45.014000,41.105087,42414000
2021-03-08 00:00:00,44.682999,44.796001,41.925999,42.125000,38.466969,45243000
2021-03-09 00:00:00,43.569000,44.689999,43.060001,44.360001,40.507881,37884000
2021-03-10 00:00:00,44.735001,45.403000,43.509998,43.758999,39.959068,19914000
2021-03-11 00:00:00,44.902000,45.744999,44.209000,45.368999,41.429260,26170000
2021-03-12 00:00:00,44.535999,45.348999,44.452000,45.117001,41.199142,18906000
2021-03-15 00:00:00,45.518002,47.123001,45.319000,47.077000,42.988937,31241000
2021-03-16 00:00:00,47.126999,48.400002,46.741001,47.818001,43.665596,31190000
2021-03-17 00:00:00,47.029999,48.727001,47.000999,48.359001,44.159611,23754000
2021-03-18 00:00:00,47.456001,48.334999,46.375000,46.415001,42.384430,28728000
2021-03-19 00:00:00,45.705002,47.667999,45.410000,47.445999,43.664562,108602000
2021-03-22 00:00:00,47.291000,48.127998,47.167000,47.528000,43.740032,31805000
2021-03-23 00:00:00,47.377998,47.536999,46.264999,46.405998,42.707451,24712000
2021-03-24 00:00:00,46.945000,46.999001,45.687000,45.727001,42.082569,20882000
2021-03-25 00:00:00,45.495998,46.402000,44.931000,46.169998,42.490257,17537000
2021-03-26 00:00:00,45.664001,48.299999,45.664001,48.203999,44.362160,28925000
2021-03-29 00:00:00,48.040001,48.116001,46.827000,47.262001,43.495232,28410000
2021-03-30 00:00:00,46.388000,46.400002,45.161999,45.616001,41.980412,27935000
2021-03-31 00:00:00,45.900002,46.707001,45.240002,46.366001,42.670639,28684000
2021-04-01 00:00:00,47.207001,47.658001,46.919998,47.595001,43.801697,23528000
2021-04-05 00:00:00,48.029999,48.964001,47.681999,48.848000,44.954830,22966000
2021-04-06 00:00:00,48.312000,48.821999,47.773998,48.387001,44.530575,18063000
2021-04-07 00:00:00,48.000999,48.390999,47.799999,48.245998,44.400810,12074000
2021-04-08 00:00:00,48.798000,48.798000,48.012001,48.548000,44.678745,18121000
2021-04-09 00:00:00,48.000000,48.530998,47.653999,48.508999,44.642849,16614000
2021-04-12 00:00:00,48.193001,48.542000,47.860001,48.367001,44.512169,23247000
2021-04-13 00:00:00,48.500000,48.821999,48.028999,48.495998,44.630878,15281000
2021-04-14 00:00:00,48.247002,48.918999,47.519001,47.730000,43.925922,18220000
2021-04-15 00:00:00,48.164001,48.230999,47.678001,48.000000,44.174416,18370000
2021-04-16 00:00:00,48.048000,48.178001,47.678001,47.879002,44.063065,16263000
2021-04-19 00:00:00,47.653000,47.680000,46.005001,46.200001,42.517879,26319000
2021-04-20 00:00:00,46.000999,46.202999,45.453999,45.726002,42.081650,19128000
2021-04-21 00:00:00,45.521999,46.034000,45.259998,45.979000,42.314487,25947000
2021-04-22 00:00:00,45.509998,46.113998,44.900002,45.511002,41.883793,27057000
2021-04-23 00:00:00,45.848999,46.785000,45.750000,46.612999,42.897957,22890000
2021-04-26 00:00:00,46.702000,47.382999,46.356998,47.185001,43.424374,18271000
2021-04-27 00:00:00,47.369999,47.425999,46.506001,46.634998,42.918205,13267000
2021-04-28 00:00:00,46.536999,46.597000,45.605000,45.919998,42.260189,15940000
2021-04-29 00:00:00,46.969002,46.969002,45.903000,46.629002,42.912682,14650000
2021-04-30 00:00:00,45.971001,46.073002,45.383999,45.619999,41.984097,19367000
2021-05-03 00:00:00,45.974998,45.984001,44.827999,45.014000,41.426395,15098000
2021-05-04 00:00:00,44.722000,44.770000,43.730999,44.453999,40.911026,23497000
2021-05-05 00:00:00,45.041000,45.144001,44.237000,44.382999,40.845692,16388000
2021-05-06 00:00:00,44.380001,44.909000,43.984001,44.858002,41.282837,13495000
2021-05-07 00:00:00,45.459000,45.838001,44.919998,45.257999,41.650951,11712000
2021-05-10 00:00:00,44.838001,44.853001,43.577000,43.610001,40.134293,25239000
2021-05-11 00:00:00,42.500000,44.175999,42.305000,44.007000,40.499649,17887000
2021-05-12 00:00:00,42.929001,43.085999,41.914001,42.237999,38.871643,29940000
2021-05-13 00:00:00,42.988998,43.481998,42.563999,43.060001,39.628132,21841000
2021-05-14 00:00:00,43.639000,44.512001,43.205002,44.161999,40.642300,16964000
2021-05-17 00:00:00,44.214001,44.214001,43.284000,43.993999,40.487686,15725000
2021-05-18 00:00:00,44.391998,44.444000,43.327999,43.374001,39.917103,17824000
2021-05-19 00:00:00,42.599998,44.250000,42.570000,44.172001,40.651508,21369000
2021-05-20 00:00:00,44.575001,45.930000,44.533001,45.500000,41.873672,21886000
2021-05-21 00:00:00,45.799000,45.799000,44.933998,45.124001,41.527634,13216000
2021-05-24 00:00:00,45.692001,46.243999,45.636002,45.918999,42.259266,14420000
2021-05-25 00:00:00,46.189999,46.296001,45.650002,45.953999,42.291477,9600000
2021-05-26 00:00:00,46.077000,46.209999,45.553001,46.049000,42.378906,9873000
2021-05-27 00:00:00,46.000000,46.844002,45.965000,46.768002,43.040600,19098000
2021-05-28 00:00:00,47.000000,47.462002,46.768002,47.233002,43.468544,19946000
2021-06-01 00:00:00,47.543999,47.799999,46.720001,46.831001,43.098579,16277000
2021-06-02 00:00:00,47.182999,47.770000,46.946999,47.373001,43.597389,13286000
2021-06-03 00:00:00,46.880001,46.976002,46.326000,46.480000,42.775562,20389000
2021-06-04 00:00:00,47.049999,47.840000,46.952000,47.500000,43.714256,23865000
2021-06-07 00:00:00,47.299999,47.448002,46.247002,46.377998,42.681690,24142000
2021-06-08 00:00:00,46.805000,47.238998,46.351002,46.353001,42.658688,16615000
2021-06-09 00:00:00,46.719002,46.719002,46.172001,46.393002,42.695488,12126000
2021-06-10 00:00:00,46.549999,46.953999,46.021000,46.867001,43.131718,15413000
2021-06-11 00:00:00,46.844002,47.213001,46.715000,47.070000,43.318542,14508000
2021-06-14 00:00:00,47.049000,47.590000,46.605999,47.583000,43.790649,14675000
2021-06-15 00:00:00,47.655998,47.657001,46.855000,47.074001,43.322212,11131000
2021-06-16 00:00:00,47.027000,47.112000,46.147999,46.575001,42.862984,20437000
2021-06-17 00:00:00,46.487999,47.523998,46.394001,47.117001,43.361786,20881000
2021-06-18 00:00:00,46.727001,46.976002,46.050999,46.349998,42.655914,28537000
2021-06-21 00:00:00,46.117001,46.537998,45.844002,46.460999,43.092770,18591000
2021-06-22 00:00:00,46.658001,46.858002,46.132000,46.445000,43.077927,13722000
2021-06-23 00:00:00,46.386002,46.787998,46.304001,46.666000,43.282909,17674000
2021-06-24 00:00:00,46.988998,47.365002,46.860001,47.006001,43.598259,12502000
2021-06-25 00:00:00,47.134998,47.244999,46.000000,46.220001,42.869244,19100000
2021-06-28 00:00:00,46.599998,47.629002,46.550999,47.279999,43.852406,13987000
2021-06-29 00:00:00,47.237000,47.730999,47.074001,47.715000,44.255859,14184000
2021-06-30 00:00:00,47.813000,47.859001,47.252998,47.683998,44.227108,15381000
2021-07-01 00:00:00,47.784000,47.784000,46.893002,46.964001,43.559307,11153000
2021-07-02 00:00:00,47.676998,47.858002,45.570999,46.817001,43.422970,37054000
2021-07-06 00:00:00,47.040001,47.674999,46.830002,47.327999,43.896915,13870000
2021-07-07 00:00:00,47.500000,47.535999,46.637001,46.953999,43.550037,12581000
2021-07-08 00:00:00,46.442001,47.108002,46.155998,47.049999,43.639072,16011000
2021-07-09 00:00:00,46.957001,48.088001,46.803001,48.018002,44.536896,16782000
2021-07-12 00:00:00,48.132000,49.402000,47.326000,48.575001,45.053513,33142000
2021-07-13 00:00:00,48.533001,48.752998,48.200001,48.401001,44.892128,11806000
2021-07-14 00:00:00,48.919998,49.200001,48.075001,48.159000,44.667675,14020000
2021-07-15 00:00:00,48.327999,48.445000,47.312000,47.734001,44.273487,12624000
2021-07-16 00:00:00,47.905998,48.028000,46.726002,46.806999,43.413689,13980000
2021-07-19 00:00:00,46.348000,46.597000,45.758999,46.567001,43.191082,14938000
2021-07-20 00:00:00,46.789001,47.224998,46.327000,46.859001,43.461922,20727000
2021-07-21 00:00:00,46.963001,47.928001,46.849998,47.902000,44.429298,13660000
2021-07-22 00:00:00,47.660000,47.898998,47.451000,47.632999,44.179806,12583000
2021-07-23 00:00:00,48.002998,48.358002,47.682999,48.314999,44.812363,13489000
2021-07-26 00:00:00,48.216000,48.362000,47.967999,48.223999,44.727962,11160000
2021-07-27 00:00:00,48.076000,48.181000,46.779999,47.535999,44.089832,14715000
2021-07-28 00:00:00,47.669998,47.908001,47.431999,47.764999,44.302235,8359000
2021-07-29 00:00:00,47.847000,48.583000,47.743999,48.410999,44.901398,9162000
2021-07-30 00:00:00,48.195999,48.633999,47.957001,48.540001,45.021057,11548000
2021-08-02 00:00:00,48.904999,49.459999,48.351002,48.467999,44.954269,15619000
2021-08-03 00:00:00,48.549000,48.776001,47.995998,48.679001,45.149979,11135000
2021-08-04 00:00:00,48.853001,48.998001,48.401001,48.779999,45.243656,12123000
2021-08-05 00:00:00,49.042999,49.042999,48.488998,48.766998,45.231594,8372000
2021-08-06 00:00:00,48.507000,48.812000,48.403000,48.542999,45.023834,9964000
2021-08-09 00:00:00,48.648998,48.682999,48.099998,48.467999,44.954269,5952000
2021-08-10 00:00:00,48.590000,48.645000,47.783001,48.226002,44.729828,9319000
2021-08-11 00:00:00,48.480999,48.597000,47.979000,48.355000,44.849464,9816000
2021-08-12 00:00:00,48.228001,48.500000,47.673000,48.425999,44.915318,8702000
2021-08-13 00:00:00,48.261002,48.896999,48.210999,48.616001,45.091545,8582000
2021-08-16 00:00:00,48.483002,48.890999,48.439999,48.813999,45.275188,9188000
2021-08-17 00:00:00,48.558998,48.622002,47.452000,47.868999,44.398701,16499000
2021-08-18 00:00:00,47.665001,47.708000,46.834999,46.896999,43.497162,15616000
2021-08-19 00:00:00,46.634998,47.583000,46.265999,47.353001,43.920105,14044000
2021-08-20 00:00:00,47.282001,47.623001,47.043999,47.516998,44.072212,10007000
2021-08-23 00:00:00,47.632999,48.618999,47.570000,48.244999,44.747437,15707000
2021-08-24 00:00:00,48.240002,48.304001,48.015999,48.143002,44.652836,9429000
2021-08-25 00:00:00,48.157001,48.626999,48.157001,48.341000,44.836479,10017000
2021-08-26 00:00:00,48.299999,48.811001,48.060001,48.574001,45.052593,10836000
2021-08-27 00:00:00,48.800999,49.644001,48.664001,49.594002,45.998642,16459000
2021-08-30 00:00:00,50.000000,50.785000,49.825001,49.889000,46.272263,19614000
2021-08-31 00:00:00,50.129002,50.129002,49.270000,49.721001,46.116444,17378000
2021-09-01 00:00:00,49.626999,49.924000,49.289001,49.316002,45.740791,12586000
2021-09-02 00:00:00,49.578999,49.598000,49.015999,49.189999,45.623932,16991000
2021-09-03 00:00:00,49.591000,50.599998,49.504002,49.768002,46.160023,25191000
2021-09-07 00:00:00,49.759998,49.759998,49.099998,49.659000,46.058926,12398000
2021-09-08 00:00:00,49.962002,49.988998,48.811001,49.438000,45.853951,13987000
2021-09-09 00:00:00,49.285000,49.869999,49.285000,49.348999,45.771404,13174000
2021-09-10 00:00:00,49.705002,50.598999,49.651001,49.814999,46.203625,16110000
2021-09-13 00:00:00,50.200001,50.247002,49.326000,49.896000,46.278751,14927000
2021-09-14 00:00:00,50.200001,50.542000,49.835999,50.187000,46.548653,14134000
2021-09-15 00:00:00,50.212002,51.070000,49.942001,50.973999,47.278599,23346000
2021-09-16 00:00:00,50.520000,50.915001,50.021000,50.735001,47.056923,17569000
2021-09-17 00:00:00,50.396999,50.762001,50.099998,50.599998,46.931705,34470000
2021-09-20 00:00:00,49.900002,50.299999,48.844002,49.481998,45.894768,30105000
2021-09-21 00:00:00,49.348999,49.375000,48.700001,49.098999,45.873268,16935000
2021-09-22 00:00:00,49.424999,50.299999,49.222000,50.058998,46.770203,20610000
2021-09-23 00:00:00,50.250999,50.729000,50.058998,50.430000,47.116829,18370000
2021-09-24 00:00:00,50.227001,50.549999,50.083000,50.492001,47.174751,10605000
2021-09-27 00:00:00,49.978001,50.582001,49.737999,50.485001,47.168213,9831000
2021-09-28 00:00:00,49.700001,50.145000,49.054001,49.102001,45.876072,20124000
2021-09-29 00:00:00,49.362999,49.426998,48.764999,48.948002,45.732201,15783000
2021-09-30 00:00:00,49.452000,49.452000,48.448002,48.493000,45.307087,15735000
2021-10-01 00:00:00,48.785000,48.866001,47.750000,48.735001,45.533188,16052000
2021-10-04 00:00:00,48.493000,48.655998,47.278000,47.595001,44.468082,20093000
2021-10-05 00:00:00,47.594002,48.979000,47.533001,48.542000,45.352875,16557000
2021-10-06 00:00:00,48.313000,48.935001,47.970001,48.877998,45.666794,12042000
2021-10-07 00:00:00,49.263000,49.990002,49.263000,49.391998,46.147018,13261000
2021-10-08 00:00:00,49.681999,49.799999,49.127998,49.285000,46.047047,10279000
2021-10-11 00:00:00,49.124001,49.959000,49.084999,49.234001,45.999409,11186000
2021-10-12 00:00:00,49.584000,49.669998,48.202000,48.528000,45.339790,20991000
2021-10-13 00:00:00,48.117001,48.537998,47.955002,48.500999,45.314556,16424000
2021-10-14 00:00:00,49.186001,49.915001,49.082001,49.759998,46.490849,19233000
2021-10-15 00:00:00,50.439999,50.585999,50.108002,50.325001,47.018730,25103000
2021-10-18 00:00:00,50.039001,50.397999,49.866001,50.335999,47.029007,16042000
2021-10-19 00:00:00,50.431999,51.087002,50.176998,51.039001,47.685825,16383000
2021-10-20 00:00:00,51.099998,51.342999,50.844002,50.938999,47.592392,13458000
2021-10-21 00:00:00,50.942001,51.479000,50.860001,51.415001,48.037113,11787000
2021-10-22 00:00:00,51.473999,52.138000,51.301998,51.541000,48.154839,15367000
2021-10-25 00:00:00,51.749001,52.450001,51.518002,52.207001,48.777084,12416000
2021-10-26 00:00:00,52.522999,53.499001,52.400002,53.387001,49.879562,24043000
2021-10-27 00:00:00,53.181999,53.606998,52.186001,52.311001,48.874252,23500000
2021-10-28 00:00:00,52.414001,52.994999,52.342999,52.957001,49.477810,11872000
2021-10-29 00:00:00,52.349998,53.215000,52.349998,53.167000,49.674011,15564000
2021-11-01 00:00:00,53.034000,53.257999,52.493000,52.805000,49.335796,16896000
2021-11-02 00:00:00,52.744999,54.082001,52.667999,53.707001,50.178532,16262000
2021-11-03 00:00:00,53.904999,54.379002,53.376999,54.237000,50.673714,14038000
2021-11-04 00:00:00,54.380001,54.907001,54.091999,54.862000,51.257656,15956000
2021-11-05 00:00:00,55.000000,55.966999,54.980999,55.891998,52.219978,18674000
2021-11-08 00:00:00,56.196999,56.389000,55.810001,55.895000,52.222786,17231000
2021-11-09 00:00:00,55.918999,56.189999,55.514000,55.779999,52.115341,15838000
2021-11-10 00:00:00,55.430000,56.090000,54.805000,54.876999,51.271671,18450000
2021-11-11 00:00:00,55.269001,55.712002,54.881001,55.540001,51.891109,14157000
2021-11-12 00:00:00,55.841000,56.584000,55.459000,56.321999,52.621735,13592000
2021-11-15 00:00:00,56.769001,56.769001,55.983002,56.577000,52.859978,13972000
2021-11-16 00:00:00,56.409000,56.952999,56.273998,56.876999,53.140270,13194000
2021-11-17 00:00:00,56.813999,57.136002,56.410000,56.964001,53.221558,12532000
2021-11-18 00:00:00,57.110001,57.673000,56.964001,57.480999,53.704586,12712000
2021-11-19 00:00:00,57.627998,57.721001,56.592999,56.872002,53.135601,19612000
2021-11-22 00:00:00,57.167999,57.203999,55.248001,55.327999,51.693043,25898000
2021-11-23 00:00:00,55.242001,55.585999,54.853001,55.512001,51.864948,17109000
2021-11-24 00:00:00,55.323002,55.908001,54.738998,55.873001,52.202232,12084000
2021-11-26 00:00:00,55.176998,55.730000,54.332001,54.659000,51.067993,14219000
2021-11-29 00:00:00,55.619999,56.755001,55.368000,56.433998,52.726379,18703000
2021-11-30 00:00:00,56.327000,56.499001,55.200001,55.368000,51.730408,22574000
2021-12-01 00:00:00,56.348000,56.848000,55.333000,55.476002,51.831310,21980000
2021-12-02 00:00:00,54.606998,55.910999,54.400002,55.244999,51.615490,22619000
2021-12-03 00:00:00,56.493999,56.900002,55.040001,55.812000,52.145237,20305000
2021-12-06 00:00:00,56.465000,56.837002,55.595001,56.498001,52.786171,22482000
2021-12-07 00:00:00,57.200001,59.306999,57.200001,59.040001,55.161171,29562000
2021-12-08 00:00:00,59.094002,59.094002,58.243000,58.855999,54.989250,17998000
2021-12-09 00:00:00,58.244999,59.023998,58.244999,58.341999,54.509026,29080000
2021-12-10 00:00:00,62.397999,64.474998,61.859001,63.167999,59.017960,57087000
2021-12-13 00:00:00,63.400002,63.442001,62.123001,62.166000,58.081795,26898000
2021-12-14 00:00:00,61.784000,61.862000,60.563999,61.491001,57.451145,35956000
2021-12-15 00:00:00,61.556999,64.085999,61.034000,63.986000,59.782223,29092000
2021-12-16 00:00:00,63.736000,64.066002,61.150002,62.068001,57.990234,42748000
2021-12-17 00:00:00,61.752998,63.999001,61.509998,63.495998,59.324413,50661000
2021-12-20 00:00:00,62.630001,64.609001,62.508999,64.502998,60.265259,32770000
2021-12-21 00:00:00,64.809998,64.946999,63.330002,64.624001,60.764542,36534000
2021-12-22 00:00:00,64.332001,65.716003,63.925999,65.519997,61.607021,28383000
2021-12-23 00:00:00,65.612999,67.072998,65.612999,66.480003,62.509708,23596000
2021-12-27 00:00:00,66.480003,67.629997,66.445999,67.428001,63.401089,19442000
2021-12-28 00:00:00,67.754997,67.776001,66.703003,66.900002,62.904613,17247000
2021-12-29 00:00:00,66.980003,67.699997,66.912003,67.261002,63.244057,14797000
2021-12-30 00:00:00,67.309998,67.570000,66.384003,66.508003,62.536034,11473000
2021-12-31 00:00:00,66.696999,67.130997,66.327003,66.541000,62.567062,12046000
2022-01-03 00:00:00,66.632004,67.169998,66.122002,66.332001,62.370541,22591000
2022-01-04 00:00:00,66.288002,67.219002,65.723000,67.092003,63.085155,21103000
2022-01-05 00:00:00,67.121002,67.121002,64.200996,64.300003,60.459896,34961000
2022-01-06 00:00:00,64.015999,64.864998,63.443001,63.702999,59.898544,28581000
2022-01-07 00:00:00,63.584999,63.991001,61.846001,61.915001,58.217331,27832000
2022-01-10 00:00:00,60.886002,62.203999,60.356998,62.116001,58.406326,29793000
2022-01-11 00:00:00,61.554001,62.799999,61.457001,62.205002,58.490017,19037000
2022-01-12 00:00:00,62.750999,63.098999,61.973999,62.200001,58.485310,18806000
2022-01-13 00:00:00,62.747002,62.787998,59.415001,59.719002,56.152481,30048000
2022-01-14 00:00:00,59.577999,60.037998,59.200001,59.637001,56.075375,25661000
2022-01-18 00:00:00,58.832001,59.104000,57.598999,57.778999,54.328339,35825000
2022-01-19 00:00:00,58.158001,58.473000,56.333000,56.396999,53.028873,22692000
2022-01-20 00:00:00,56.799999,57.014000,54.676998,54.771999,51.500923,25225000
2022-01-21 00:00:00,54.664001,55.540001,53.133999,53.323002,50.138458,38010000
2022-01-24 00:00:00,53.089001,54.351002,51.340000,54.158001,50.923592,54256000
2022-01-25 00:00:00,52.799999,54.540001,52.422001,53.414001,50.224026,38158000
2022-01-26 00:00:00,55.200001,57.417000,55.007000,55.712002,52.384785,49715000
2022-01-27 00:00:00,56.972000,57.026001,54.103001,54.230999,50.992226,34183000
2022-01-28 00:00:00,54.335999,56.049999,53.238998,56.009998,52.664989,30254000
2022-01-31 00:00:00,55.939999,58.637001,55.599998,58.588001,55.089024,40288000
2022-02-01 00:00:00,58.587002,59.389999,57.582001,59.271999,55.732174,25719000
2022-02-02 00:00:00,59.900002,60.480000,59.362999,60.342999,56.739212,24443000
2022-02-03 00:00:00,59.567001,59.902000,58.012001,58.084999,54.616058,30602000
2022-02-04 00:00:00,57.638000,59.653000,57.613998,59.015999,55.491463,20548000
2022-02-07 00:00:00,59.015999,60.158001,58.416000,58.763000,55.253574,18671000
2022-02-08 00:00:00,58.838001,60.185001,58.699001,60.021999,56.437386,14570000
2022-02-09 00:00:00,60.735001,61.172001,60.155998,61.133999,57.482971,22004000
2022-02-10 00:00:00,59.529999,61.464001,58.856998,59.136002,55.604298,24920000
2022-02-11 00:00:00,59.136002,59.976002,56.908001,57.341999,53.917435,27281000
2022-02-14 00:00:00,57.500000,58.280998,57.007000,57.858002,54.402622,19291000
2022-02-15 00:00:00,58.903000,60.604000,58.825001,60.277000,56.677155,34284000
2022-02-16 00:00:00,59.405998,60.081001,58.722000,59.721001,56.154358,22931000
2022-02-17 00:00:00,58.970001,59.158001,57.889000,57.900002,54.442116,21424000
2022-02-18 00:00:00,58.094002,58.773998,57.327999,57.999001,54.535202,19708000
2022-02-22 00:00:00,57.999001,59.021000,56.980999,57.745998,54.297306,20204000
2022-02-23 00:00:00,58.022999,58.507000,56.473999,56.519001,53.143593,22416000
2022-02-24 00:00:00,55.158001,58.569000,54.902000,58.000000,54.536144,35316000
2022-02-25 00:00:00,57.983002,58.938000,57.400002,58.800999,55.289307,22380000
2022-02-28 00:00:00,58.099998,59.230000,57.638000,58.743999,55.235706,25005000
2022-03-01 00:00:00,58.479000,58.762001,56.529999,57.012001,53.607143,24898000
2022-03-02 00:00:00,57.452000,59.053001,57.358002,58.577999,55.079620,21771000
2022-03-03 00:00:00,59.368000,59.369999,57.432999,57.860001,54.404503,26454000
2022-03-04 00:00:00,59.278999,60.591000,58.401001,59.598999,56.039642,44757000
2022-03-07 00:00:00,59.708000,59.877998,57.000000,57.070000,53.661682,26494000
2022-03-08 00:00:00,57.216999,59.605000,56.361000,57.595001,54.155334,26993000
2022-03-09 00:00:00,58.879002,60.164001,58.700001,59.702000,56.136497,22560000
2022-03-10 00:00:00,58.556000,59.001999,57.637001,58.772999,55.262970,19323000
2022-03-11 00:00:00,59.200001,59.443001,57.712002,57.785000,54.333977,19813000
2022-03-14 00:00:00,57.695999,57.998001,56.474998,56.779999,53.389000,25234000
2022-03-15 00:00:00,57.727001,59.675999,57.504002,59.276001,55.735939,28260000
2022-03-16 00:00:00,59.665001,60.771000,58.405998,60.712002,57.086174,29454000
2022-03-17 00:00:00,60.472000,60.700001,59.763000,60.266998,56.667751,18174000
2022-03-18 00:00:00,60.396999,61.320999,59.598999,61.041000,57.395527,41538000
2022-03-21 00:00:00,60.560001,60.560001,58.886002,60.129002,56.920319,25789000
2022-03-22 00:00:00,60.172001,61.349998,59.932999,61.133999,57.871685,19262000
2022-03-23 00:00:00,60.799999,61.137001,59.916000,59.938000,56.739506,13839000
2022-03-24 00:00:00,60.662998,62.722000,60.200001,62.643002,59.300167,26016000
2022-03-25 00:00:00,62.708000,63.041000,62.007000,62.887001,59.531139,14538000
2022-03-28 00:00:00,62.588001,63.330002,61.577999,63.287998,59.910740,14427000
2022-03-29 00:00:00,64.000000,64.530998,63.000000,64.147003,60.723904,23001000
2022-03-30 00:00:00,63.887001,64.429001,62.733002,63.109001,59.741291,18626000
2022-03-31 00:00:00,63.048000,63.900002,62.805000,62.967999,59.607811,21731000
2022-04-01 00:00:00,63.168999,63.457001,61.868999,62.698002,59.352222,16267000
2022-04-04 00:00:00,62.641998,63.672001,62.452000,63.485001,60.097233,16484000
2022-04-05 00:00:00,62.955002,63.226002,61.299999,61.411999,58.134846,19778000
2022-04-06 00:00:00,60.208000,61.159000,59.376999,60.200001,56.987526,23742000
2022-04-07 00:00:00,59.983002,60.764000,59.324001,60.305000,57.086926,16583000
2022-04-08 00:00:00,59.737999,59.859001,58.597000,58.700001,55.567574,20464000
2022-04-11 00:00:00,58.257999,58.928001,57.943001,58.061001,54.962669,23512000
2022-04-12 00:00:00,58.910999,59.859001,58.216999,58.507000,55.384872,17350000
2022-04-13 00:00:00,58.849998,59.671001,58.605000,59.254002,56.092010,20266000
2022-04-14 00:00:00,59.499001,59.706001,57.285999,57.384998,54.322742,27385000
2022-04-18 00:00:00,57.285000,59.122002,57.285000,58.650002,55.520237,21375000
2022-04-19 00:00:00,57.936001,59.869999,57.936001,59.762001,56.572895,16581000
2022-04-20 00:00:00,60.419998,61.342999,59.513000,59.771999,56.582367,13920000
2022-04-21 00:00:00,60.554001,61.587002,59.066002,59.272999,56.109989,20352000
2022-04-22 00:00:00,59.011002,59.874001,58.625999,58.695000,55.562836,21064000
2022-04-25 00:00:00,58.148998,58.875999,57.112000,58.787998,55.650879,26959000
2022-04-26 00:00:00,58.380001,58.546001,55.971001,56.007000,53.018276,35809000
2022-04-27 00:00:00,55.578999,57.007999,55.500000,55.953999,52.968102,19313000
2022-04-28 00:00:00,56.594002,58.501999,55.797001,57.894001,54.804581,22334000
2022-04-29 00:00:00,57.262001,57.827999,55.340000,55.438999,52.480587,26108000
2022-05-02 00:00:00,55.714001,57.764000,55.638000,57.634998,54.559399,26725000
2022-05-03 00:00:00,57.601002,58.674999,57.176998,58.117001,55.015682,17064000
2022-05-04 00:00:00,58.179001,60.407001,57.397999,60.366001,57.144665,23896000
2022-05-05 00:00:00,59.423000,59.786999,57.429001,57.999001,54.903976,32806000
2022-05-06 00:00:00,57.493999,58.998001,56.943001,58.009998,54.914391,20745000
2022-05-09 00:00:00,57.287998,57.799999,56.027000,56.292000,53.288067,30074000
2022-05-10 00:00:00,58.049000,59.115002,57.180000,58.139000,55.036507,29271000
2022-05-11 00:00:00,57.458000,58.469002,56.585999,56.710999,53.684704,26660000
2022-05-12 00:00:00,56.340000,57.361000,55.826000,57.157001,54.106915,25518000
2022-05-13 00:00:00,57.705002,59.159000,57.349998,58.824001,55.684956,19449000
2022-05-16 00:00:00,58.438000,58.914001,57.764999,58.266998,55.157673,14189000
2022-05-17 00:00:00,59.544998,60.900002,59.361000,60.814999,57.569702,24676000
2022-05-18 00:00:00,60.000000,60.071999,56.618000,57.056999,54.012245,35024000
2022-05-19 00:00:00,55.799999,56.075001,53.896000,54.620998,51.706242,34884000
2022-05-20 00:00:00,55.389999,55.499001,51.243999,54.319000,51.420353,40281000
2022-05-23 00:00:00,52.400002,53.556999,51.425999,52.636002,49.827168,58586000
2022-05-24 00:00:00,52.666000,52.887001,51.618999,52.419998,49.622692,25060000
2022-05-25 00:00:00,52.389999,53.744999,52.389999,53.162998,50.326038,17842000
2022-05-26 00:00:00,53.153999,55.457001,52.771999,55.066002,52.127491,39743000
2022-05-27 00:00:00,56.209000,58.546001,56.000999,58.327999,55.215427,37301000
2022-05-31 00:00:00,58.450001,58.702999,57.599998,58.013000,54.917233,30009000
2022-06-01 00:00:00,58.757999,59.094002,56.842999,57.362000,54.300964,18345000
2022-06-02 00:00:00,57.775002,57.777000,56.813000,57.674000,54.596325,29488000
2022-06-03 00:00:00,56.887001,56.959999,56.098000,56.332001,53.325932,20562000
2022-06-06 00:00:00,57.152000,57.271999,55.754002,56.123001,53.128094,14557000
2022-06-07 00:00:00,56.054001,57.453999,55.752998,57.299000,54.241333,15895000
2022-06-08 00:00:00,57.181999,57.626999,56.214001,56.535999,53.519051,24004000
2022-06-09 00:00:00,56.116001,57.363998,55.592999,55.622002,52.653820,18787000
2022-06-10 00:00:00,55.008999,55.104000,53.972000,54.126999,51.238598,24018000
2022-06-13 00:00:00,52.678001,53.299999,51.602001,51.762001,48.999805,31619000
2022-06-14 00:00:00,52.497002,52.497002,51.459000,52.016998,49.241196,24380000
2022-06-15 00:00:00,52.915001,53.382999,51.551998,52.671001,49.860306,19141000
2022-06-16 00:00:00,51.195000,51.443001,49.228001,49.717999,47.064873,37244000
2022-06-17 00:00:00,49.500000,50.035999,48.786999,49.865002,47.204041,43504000
2022-06-21 00:00:00,50.408001,51.091000,50.289001,50.376999,48.084072,21901000
2022-06-22 00:00:00,49.631001,50.376999,49.419998,49.610001,47.351978,24721000
2022-06-23 00:00:00,50.174999,50.174999,49.101002,49.658001,47.397793,16707000
2022-06-24 00:00:00,50.500000,51.180000,50.145000,50.909000,48.591862,21201000
2022-06-27 00:00:00,51.380001,51.403999,50.282001,50.570999,48.269245,13207000
2022-06-28 00:00:00,51.261002,51.415001,49.811001,49.845001,47.576290,15667000
2022-06-29 00:00:00,49.548000,49.592999,48.667000,49.041000,46.808884,14444000
2022-06-30 00:00:00,48.803001,49.374001,48.070999,48.581001,46.369816,18890000
2022-07-01 00:00:00,47.941002,48.426998,46.943001,47.784000,45.609089,21315000
2022-07-05 00:00:00,47.200001,47.693001,46.390999,47.630001,45.462101,20711000
2022-07-06 00:00:00,48.053001,48.705002,47.549999,48.261002,46.064384,22975000
2022-07-07 00:00:00,48.811001,50.139000,48.811001,49.854000,47.584873,21319000
2022-07-08 00:00:00,49.299000,49.963001,49.000000,49.868999,47.599197,12713000
2022-07-11 00:00:00,48.949001,49.161999,48.098000,48.285999,46.088245,21449000
2022-07-12 00:00:00,48.782001,49.259998,48.007000,48.137001,45.946030,21159000
2022-07-13 00:00:00,47.498001,48.563999,47.229000,48.173000,45.980389,17665000
2022-07-14 00:00:00,48.244999,48.667999,47.342999,48.464001,46.258141,19957000
2022-07-15 00:00:00,49.083000,49.473999,48.612999,49.445999,47.195442,18714000
2022-07-18 00:00:00,50.015999,50.241001,48.819000,49.105999,46.870918,18042000
2022-07-19 00:00:00,49.680000,51.134998,49.589001,50.900002,48.583263,27257000
2022-07-20 00:00:00,50.953999,51.761002,50.446999,51.176998,48.847652,27412000
2022-07-21 00:00:00,51.255001,51.780998,50.602001,51.768002,49.411758,13912000
2022-07-22 00:00:00,51.881001,51.979000,50.667999,51.251999,48.919243,17867000
2022-07-25 00:00:00,51.046001,51.332001,50.653000,51.311001,48.975563,15061000
2022-07-26 00:00:00,51.463001,51.681000,50.891998,51.109001,48.782757,17958000
2022-07-27 00:00:00,51.820000,53.019001,51.693001,52.778999,50.376740,25699000
2022-07-28 00:00:00,52.859001,53.652000,52.057999,53.361000,50.932255,14867000
2022-07-29 00:00:00,53.198002,53.783001,53.027000,53.548000,51.110744,18482000
2022-08-01 00:00:00,53.143002,53.979000,53.043999,53.637001,51.195690,11485000
2022-08-02 00:00:00,53.321999,53.919998,52.723000,53.120998,50.703175,13072000
2022-08-03 00:00:00,53.528999,54.799999,53.411999,54.674000,52.185493,19228000
2022-08-04 00:00:00,54.841000,55.314999,54.500999,55.279999,52.763905,16293000
2022-08-05 00:00:00,54.490002,55.200001,54.327999,55.144001,52.634094,14357000
2022-08-08 00:00:00,54.935001,55.299000,53.874001,54.553001,52.070000,13722000
2022-08-09 00:00:00,53.909000,53.935001,52.775002,53.279999,50.854939,20072000
2022-08-10 00:00:00,54.605999,55.102001,53.924000,55.041000,52.535789,19519000
2022-08-11 00:00:00,55.395000,55.777000,54.424999,54.542999,52.060459,14268000
2022-08-12 00:00:00,54.780998,55.841000,54.564999,55.823002,53.282192,18399000
2022-08-15 00:00:00,55.423000,55.979000,55.049999,55.896000,53.351879,14329000
2022-08-16 00:00:00,55.751999,55.793999,54.601002,55.165001,52.654148,14782000
2022-08-17 00:00:00,54.437000,54.471001,53.104000,53.859001,51.407589,19022000
2022-08-18 00:00:00,54.341000,56.056000,54.162998,55.845001,53.303200,23459000
2022-08-19 00:00:00,55.085999,55.557999,54.786999,54.842999,52.346798,16923000
2022-08-22 00:00:00,54.257000,54.308998,52.705002,52.875000,50.468380,18555000
2022-08-23 00:00:00,53.384998,53.762001,52.890999,52.978001,50.566685,9003000
2022-08-24 00:00:00,52.956001,53.130001,52.344002,53.084000,50.667862,11883000
2022-08-25 00:00:00,53.345001,55.048000,53.226002,55.013000,52.509068,17345000
2022-08-26 00:00:00,54.883999,55.098999,52.000000,52.085999,49.715286,25682000
2022-08-29 00:00:00,52.000000,52.273998,51.200001,51.417999,49.077690,16580000
2022-08-30 00:00:00,51.683998,51.791000,50.139000,50.639000,48.334141,18282000
2022-08-31 00:00:00,51.015999,51.015999,49.653999,49.910999,47.639282,32445000
2022-09-01 00:00:00,49.146999,49.328999,48.084000,49.201000,46.961601,31930000
2022-09-02 00:00:00,51.799999,51.980999,49.830002,50.021999,47.745228,40426000
2022-09-06 00:00:00,49.853001,50.400002,49.036999,49.820000,47.552425,24738000
2022-09-07 00:00:00,50.291000,50.943001,49.908001,50.513000,48.213879,20440000
2022-09-08 00:00:00,50.259998,51.273998,49.869999,51.193001,48.862930,22535000
2022-09-09 00:00:00,51.543999,52.597000,51.543999,52.240002,49.862270,23019000
2022-09-12 00:00:00,52.674999,53.125999,52.456001,52.905998,50.497963,18157000
2022-09-13 00:00:00,51.383999,51.827000,50.167999,50.365002,48.072624,35136000
2022-09-14 00:00:00,50.713001,51.299999,50.277000,51.075001,48.750309,20605000
2022-09-15 00:00:00,50.893002,51.155998,49.728001,50.014000,47.737587,36574000
2022-09-16 00:00:00,49.771999,50.368999,48.986000,50.250000,47.962852,59012000
2022-09-19 00:00:00,49.442001,50.339001,49.442001,50.183998,47.899853,17948000
2022-09-20 00:00:00,49.599998,49.882999,48.972000,49.306000,47.061817,17132000
2022-09-21 00:00:00,49.098999,49.987999,48.176998,48.214001,46.405403,20669000
2022-09-22 00:00:00,48.243000,48.320999,47.299999,47.761002,45.969395,23540000
2022-09-23 00:00:00,47.494999,47.799000,46.200001,46.868000,45.109890,29649000
2022-09-26 00:00:00,46.897999,47.330002,46.131001,46.226002,44.491974,19361000
2022-09-27 00:00:00,46.955002,46.988998,45.651001,46.474998,44.731636,17850000
2022-09-28 00:00:00,46.133999,46.875000,45.634998,46.596001,44.848095,27605000
2022-09-29 00:00:00,46.090000,46.137001,44.487999,45.013000,43.324482,39997000
2022-09-30 00:00:00,44.905998,45.782001,44.363998,44.401001,42.735439,27202000
2022-10-03 00:00:00,44.924000,46.095001,44.696999,45.678001,43.964531,21479000
2022-10-04 00:00:00,46.849998,48.015999,46.585999,47.986000,46.185955,27277000
2022-10-05 00:00:00,47.255001,48.808998,47.146000,48.480000,46.661430,18493000
2022-10-06 00:00:00,48.379002,48.970001,47.872002,47.950001,46.151306,17250000
2022-10-07 00:00:00,47.237999,47.334000,45.902000,46.048000,44.320656,28425000
2022-10-10 00:00:00,46.000000,46.009998,43.183998,43.770000,42.128105,33454000
2022-10-11 00:00:00,43.520000,43.869999,42.557999,43.076000,41.460140,28046000
2022-10-12 00:00:00,43.224998,43.571999,42.800999,43.056999,41.441849,15046000
2022-10-13 00:00:00,41.742001,44.376999,41.507000,43.797001,42.154099,27980000
2022-10-14 00:00:00,44.327999,44.396000,42.640999,42.709999,41.107872,22816000
2022-10-17 00:00:00,43.955002,44.124001,43.339001,43.536999,41.903843,24120000
2022-10-18 00:00:00,44.820999,44.855000,43.015999,43.483002,41.851871,20341000
2022-10-19 00:00:00,43.323002,43.830002,43.088001,43.529999,41.897110,12702000
2022-10-20 00:00:00,43.513000,44.219002,42.813999,43.029999,41.415863,23402000
2022-10-21 00:00:00,43.209000,45.066002,42.917000,44.973000,43.285980,26980000
2022-10-24 00:00:00,45.272999,45.879002,45.111000,45.652000,43.939510,25287000
2022-10-25 00:00:00,45.799000,46.425999,45.682999,46.007000,44.281197,18246000
2022-10-26 00:00:00,45.799000,47.175999,45.534000,46.118000,44.388023,29291000
2022-10-27 00:00:00,46.605000,47.077000,45.491001,45.540001,43.831711,18512000
2022-10-28 00:00:00,45.695999,47.433998,45.564999,47.290001,45.516064,23094000
2022-10-31 00:00:00,46.685001,47.280998,46.500999,47.012001,45.248497,19259000
2022-11-01 00:00:00,47.580002,47.682999,46.317001,46.790001,45.034821,16324000
2022-11-02 00:00:00,47.028000,48.044998,45.571999,45.603001,43.892349,21070000
2022-11-03 00:00:00,45.094002,45.285999,44.136002,44.411999,42.746021,23887000
2022-11-04 00:00:00,45.686001,46.889000,45.327999,46.529999,44.784569,28891000
2022-11-07 00:00:00,46.676998,47.773998,46.157001,47.521999,45.739361,17687000
2022-11-08 00:00:00,48.125000,48.880001,47.349998,48.210999,46.402512,20743000
2022-11-09 00:00:00,47.849998,47.900002,46.903000,46.946999,45.185928,23695000
2022-11-10 00:00:00,49.099998,50.716999,48.719002,50.657001,48.756760,33970000
2022-11-11 00:00:00,50.480000,51.900002,50.200001,51.808998,49.865543,26728000
2022-11-14 00:00:00,51.539001,52.501999,51.299999,51.321999,49.396816,21608000
2022-11-15 00:00:00,52.995998,53.257000,51.591000,52.442001,50.474804,23315000
2022-11-16 00:00:00,51.672001,51.854000,51.028000,51.173000,49.253407,25405000
2022-11-17 00:00:00,50.500000,51.273998,50.313999,51.210999,49.289978,20375000
2022-11-18 00:00:00,51.687000,51.772999,51.099998,51.515999,49.583538,14536000
2022-11-21 00:00:00,51.293999,52.084999,51.111000,51.743999,49.802982,18622000
2022-11-22 00:00:00,52.297001,53.028000,51.901001,53.005001,51.016685,18920000
2022-11-23 00:00:00,53.035000,54.147999,52.880001,53.363998,51.362209,13964000
2022-11-25 00:00:00,53.069000,53.458000,52.948002,52.991001,51.003212,7455000
2022-11-28 00:00:00,52.523998,52.875999,51.624001,52.221001,50.262093,23505000
2022-11-29 00:00:00,52.299999,52.584999,51.483002,52.139000,50.183178,12694000
2022-11-30 00:00:00,52.410999,55.166000,51.783001,55.103001,53.035988,47349000
2022-12-01 00:00:00,55.103001,55.242001,54.195999,55.075001,53.009033,23006000
2022-12-02 00:00:00,53.705002,54.270000,53.608002,54.080002,52.051357,19320000
2022-12-05 00:00:00,53.777000,53.948002,52.549000,53.063999,51.073463,18548000
2022-12-06 00:00:00,53.064999,53.356998,52.174999,52.582001,50.609558,19655000
2022-12-07 00:00:00,51.959999,52.500000,51.605000,51.849998,49.905006,16524000
2022-12-08 00:00:00,52.081001,53.242001,52.037998,53.108002,51.115818,27514000
2022-12-09 00:00:00,55.094002,55.264000,54.099998,54.472000,52.428650,37028000
2022-12-12 00:00:00,54.474998,55.687000,54.223999,55.662998,53.574978,23416000
2022-12-13 00:00:00,57.582001,58.183998,56.502998,57.104000,54.961922,40414000
2022-12-14 00:00:00,56.855000,58.564999,56.772999,57.444000,55.289169,35218000
2022-12-15 00:00:00,56.377998,56.648998,55.770000,55.799999,53.706837,36876000
2022-12-16 00:00:00,55.744999,55.980000,55.087002,55.591000,53.505680,49549000
2022-12-19 00:00:00,55.402000,55.647999,54.571999,54.963001,53.342632,25092000
2022-12-20 00:00:00,54.516998,54.900002,54.091999,54.402000,52.798168,29831000
2022-12-21 00:00:00,54.766998,56.191002,54.695000,56.123001,54.468433,25619000
2022-12-22 00:00:00,55.334999,55.493999,54.720001,55.308998,53.678429,27553000
2022-12-23 00:00:00,55.000000,55.362000,54.744999,55.243000,53.614376,13761000
2022-12-27 00:00:00,55.154999,55.811001,54.694000,55.354000,53.722107,16677000
2022-12-28 00:00:00,55.164001,55.777000,54.244999,54.488998,52.882607,15410000
2022-12-29 00:00:00,55.185001,56.259998,55.049999,55.780998,54.136513,18176000
2022-12-30 00:00:00,55.181999,55.965000,54.800999,55.912998,54.264626,14376000
